observation_date,predicted_probability,actual,radar_score,source,warning
1983-12-31,0.0124632650568072,0,1.24632650568072,historical walk-forward,0
1984-01-31,0.0156333302974903,0,1.56333302974903,historical walk-forward,0
1984-02-29,0.020665149764567,0,2.0665149764567,historical walk-forward,0
1984-03-31,0.021062156018425,0,2.1062156018425,historical walk-forward,0
1984-04-30,0.0238354228188706,0,2.3835422818870597,historical walk-forward,0
1984-05-31,0.0229923892144558,0,2.2992389214455797,historical walk-forward,0
1984-06-30,0.0338320077491559,0,3.38320077491559,historical walk-forward,0
1984-07-31,0.0641570923954152,0,6.41570923954152,historical walk-forward,0
1984-08-31,0.0712821427857139,0,7.128214278571391,historical walk-forward,0
1984-09-30,0.0864170578688104,0,8.64170578688104,historical walk-forward,0
1984-10-31,0.1131860200405427,0,11.31860200405427,historical walk-forward,0
1984-11-30,0.0880294732094917,0,8.802947320949169,historical walk-forward,0
1984-12-31,0.0763730295066964,0,7.63730295066964,historical walk-forward,0
1985-01-31,0.056293819903445,0,5.6293819903445,historical walk-forward,0
1985-02-28,0.0569582500186807,0,5.695825001868069,historical walk-forward,0
1985-03-31,0.0795725957704469,0,7.95725957704469,historical walk-forward,0
1985-04-30,0.1020025109370372,0,10.20025109370372,historical walk-forward,0
1985-05-31,0.0850630789532472,0,8.50630789532472,historical walk-forward,0
1985-06-30,0.0826285651043889,0,8.26285651043889,historical walk-forward,0
1985-07-31,0.0756313900484341,0,7.56313900484341,historical walk-forward,0
1985-08-31,0.0785766165068225,0,7.8576616506822505,historical walk-forward,0
1985-09-30,0.0975672141588135,0,9.75672141588135,historical walk-forward,0
1985-10-31,0.0868242441295128,0,8.68242441295128,historical walk-forward,0
1985-11-30,0.0792786014517591,0,7.92786014517591,historical walk-forward,0
1985-12-31,0.1101140066073884,0,11.01140066073884,historical walk-forward,0
1986-01-31,0.1159095336567155,0,11.590953365671549,historical walk-forward,0
1986-02-28,0.1408616980254411,0,14.08616980254411,historical walk-forward,0
1986-03-31,0.1529046229471126,0,15.29046229471126,historical walk-forward,0
1986-04-30,0.1967783872366234,0,19.67783872366234,historical walk-forward,0
1986-05-31,0.1946909087909898,0,19.469090879098978,historical walk-forward,0
1986-06-30,0.182433036061751,0,18.2433036061751,historical walk-forward,0
1986-07-31,0.2252044366554238,0,22.52044366554238,historical walk-forward,0
1986-08-31,0.2429180424765038,0,24.29180424765038,historical walk-forward,0
1986-09-30,0.1647735409630684,0,16.47735409630684,historical walk-forward,0
1986-10-31,0.1048492971971884,0,10.48492971971884,historical walk-forward,0
1986-11-30,0.0952890385363225,0,9.52890385363225,historical walk-forward,0
1986-12-31,0.1316081964723221,0,13.160819647232211,historical walk-forward,0
1987-01-31,0.1826582616157393,0,18.26582616157393,historical walk-forward,0
1987-02-28,0.188441422258216,0,18.8441422258216,historical walk-forward,0
1987-03-31,0.1565264134412671,0,15.65264134412671,historical walk-forward,0
1987-04-30,0.1531100805169571,0,15.31100805169571,historical walk-forward,0
1987-05-31,0.1679652409034782,0,16.79652409034782,historical walk-forward,0
1987-06-30,0.1568435986570703,0,15.684359865707028,historical walk-forward,0
1987-07-31,0.1705780566029251,0,17.05780566029251,historical walk-forward,0
1987-08-31,0.1267337999342789,0,12.673379993427892,historical walk-forward,0
1987-09-30,0.1109965091543683,0,11.09965091543683,historical walk-forward,0
1987-10-31,0.0964557475726133,0,9.645574757261329,historical walk-forward,0
1987-11-30,0.0888100635196864,0,8.88100635196864,historical walk-forward,0
1987-12-31,0.0810959095672366,0,8.10959095672366,historical walk-forward,0
1988-01-31,0.0886867534074887,0,8.86867534074887,historical walk-forward,0
1988-02-29,0.0824643023650432,0,8.246430236504319,historical walk-forward,0
1988-03-31,0.0928850101231359,0,9.28850101231359,historical walk-forward,0
1988-04-30,0.0901905944410851,0,9.01905944410851,historical walk-forward,0
1988-05-31,0.0844883189553195,0,8.44883189553195,historical walk-forward,0
1988-06-30,0.0783940882834215,0,7.839408828342149,historical walk-forward,0
1988-07-31,0.1295060774601116,0,12.950607746011162,historical walk-forward,0
1988-08-31,0.1442728843646369,0,14.427288436463689,historical walk-forward,0
1988-09-30,0.1559085734363458,0,15.590857343634578,historical walk-forward,0
1988-10-31,0.2004018220149027,0,20.04018220149027,historical walk-forward,0
1988-11-30,0.248673196007673,0,24.8673196007673,historical walk-forward,0
1988-12-31,0.2799599844087578,0,27.99599844087578,historical walk-forward,0
1989-01-31,0.4117199491053451,0,41.17199491053451,historical walk-forward,1
1989-02-28,0.4263662270561839,0,42.636622705618386,historical walk-forward,1
1989-03-31,0.5227439076148102,0,52.274390761481015,historical walk-forward,1
1989-04-30,0.5948619962495412,0,59.48619962495412,historical walk-forward,1
1989-05-31,0.5403047617426112,0,54.030476174261125,historical walk-forward,1
1989-06-30,0.5114253062857522,0,51.14253062857522,historical walk-forward,1
1989-07-31,0.4921898094616495,0,49.21898094616495,historical walk-forward,1
1989-08-31,0.3811611721290692,1,38.11611721290692,historical walk-forward,1
1989-09-30,0.4750260564266531,1,47.50260564266531,historical walk-forward,1
1989-10-31,0.482263922306778,1,48.2263922306778,historical walk-forward,1
1989-11-30,0.4539487056567541,1,45.39487056567541,historical walk-forward,1
1989-12-31,0.4202865252418091,1,42.02865252418091,historical walk-forward,1
1990-01-31,0.4014792881436734,1,40.14792881436734,historical walk-forward,1
1990-02-28,0.4164201803396066,1,41.64201803396066,historical walk-forward,1
1990-03-31,0.3715839890175283,1,37.15839890175283,historical walk-forward,1
1990-04-30,0.4153587503132945,1,41.535875031329454,historical walk-forward,1
1990-05-31,0.3575881381650949,1,35.75881381650949,historical walk-forward,1
1990-06-30,0.2955636796148854,1,29.55636796148854,historical walk-forward,0
1990-07-31,0.2881597428194213,1,28.81597428194213,historical walk-forward,0
1990-08-31,0.2146133788699948,0,21.46133788699948,historical walk-forward,0
1990-09-30,0.1384200038196038,0,13.842000381960379,historical walk-forward,0
1990-10-31,0.1055050193962591,0,10.55050193962591,historical walk-forward,0
1990-11-30,0.1238717025622469,0,12.38717025622469,historical walk-forward,0
1990-12-31,0.1746380834568943,0,17.46380834568943,historical walk-forward,0
1991-01-31,0.1975210155093132,0,19.752101550931318,historical walk-forward,0
1991-02-28,0.133950318538283,0,13.395031853828298,historical walk-forward,0
1991-03-31,0.1505848960073828,0,15.058489600738282,historical walk-forward,0
1991-04-30,0.1360038470187433,0,13.60038470187433,historical walk-forward,0
1991-05-31,0.1456269324476455,0,14.56269324476455,historical walk-forward,0
1991-06-30,0.0824710320164791,0,8.24710320164791,historical walk-forward,0
1991-07-31,0.0655007346828811,0,6.550073468288111,historical walk-forward,0
1991-08-31,0.0665592967963587,0,6.655929679635871,historical walk-forward,0
1991-09-30,0.0481737514364731,0,4.81737514364731,historical walk-forward,0
1991-10-31,0.0524029502895083,0,5.24029502895083,historical walk-forward,0
1991-11-30,0.029920606306292,0,2.9920606306292,historical walk-forward,0
1991-12-31,0.0139921859055134,0,1.39921859055134,historical walk-forward,0
1992-01-31,0.0051919274039754,0,0.5191927403975399,historical walk-forward,0
1992-02-29,0.0054217480568292,0,0.54217480568292,historical walk-forward,0
1992-03-31,0.0028312929418505,0,0.28312929418505,historical walk-forward,0
1992-04-30,0.0040083543859432,0,0.40083543859431997,historical walk-forward,0
1992-05-31,0.0022123721571374,0,0.22123721571374,historical walk-forward,0
1992-06-30,0.0016555391394833,0,0.16555391394833,historical walk-forward,0
1992-07-31,0.0015460050642975,0,0.15460050642975,historical walk-forward,0
1992-08-31,0.0009337376150631,0,0.09337376150631,historical walk-forward,0
1992-09-30,0.0013499072596857,0,0.13499072596857,historical walk-forward,0
1992-10-31,0.0012013942419611,0,0.12013942419611,historical walk-forward,0
1992-11-30,0.0013156877212098,0,0.13156877212098,historical walk-forward,0
1992-12-31,0.0020201142967474,0,0.20201142967474,historical walk-forward,0
1993-01-31,0.0020734006250997,0,0.20734006250996997,historical walk-forward,0
1993-02-28,0.0014733769540124,0,0.14733769540124,historical walk-forward,0
1993-03-31,0.0017545785882611,0,0.17545785882610998,historical walk-forward,0
1993-04-30,0.0023685487694542,0,0.23685487694541998,historical walk-forward,0
1993-05-31,0.0021921346182172,0,0.21921346182172002,historical walk-forward,0
1993-06-30,0.0028627246290486,0,0.28627246290486,historical walk-forward,0
1993-07-31,0.0040385295950029,0,0.40385295950029,historical walk-forward,0
1993-08-31,0.0059464176140299,0,0.59464176140299,historical walk-forward,0
1993-09-30,0.0064142994719883,0,0.64142994719883,historical walk-forward,0
1993-10-31,0.0083906997139205,0,0.8390699713920501,historical walk-forward,0
1993-11-30,0.0087079764060614,0,0.8707976406061401,historical walk-forward,0
1993-12-31,0.010208107368348,0,1.0208107368348,historical walk-forward,0
1994-01-31,0.0100106568574391,0,1.00106568574391,historical walk-forward,0
1994-02-28,0.0064168667280514,0,0.64168667280514,historical walk-forward,0
1994-03-31,0.0098938678976318,0,0.98938678976318,historical walk-forward,0
1994-04-30,0.0094880522274128,0,0.9488052227412801,historical walk-forward,0
1994-05-31,0.0120396060231642,0,1.20396060231642,historical walk-forward,0
1994-06-30,0.0226879423572574,0,2.26879423572574,historical walk-forward,0
1994-07-31,0.0239564322719839,0,2.39564322719839,historical walk-forward,0
1994-08-31,0.0223659580626014,0,2.2365958062601403,historical walk-forward,0
1994-09-30,0.0222959586404164,0,2.2295958640416402,historical walk-forward,0
1994-10-31,0.0267208247371119,0,2.67208247371119,historical walk-forward,0
1994-11-30,0.034626226565401,0,3.4626226565401,historical walk-forward,0
1994-12-31,0.0705664471888957,0,7.05664471888957,historical walk-forward,0
1995-01-31,0.2241826847009514,0,22.41826847009514,historical walk-forward,0
1995-02-28,0.1488445044341617,0,14.884450443416169,historical walk-forward,0
1995-03-31,0.1707297558855413,0,17.07297558855413,historical walk-forward,0
1995-04-30,0.1863974559635902,0,18.63974559635902,historical walk-forward,0
1995-05-31,0.1505084272302981,0,15.050842723029808,historical walk-forward,0
1995-06-30,0.1962648097482281,0,19.62648097482281,historical walk-forward,0
1995-07-31,0.2335486555398702,0,23.35486555398702,historical walk-forward,0
1995-08-31,0.1966972464947937,0,19.66972464947937,historical walk-forward,0
1995-09-30,0.1873649928129913,0,18.73649928129913,historical walk-forward,0
1995-10-31,0.2347091624134779,0,23.47091624134779,historical walk-forward,0
1995-11-30,0.3088318453025431,0,30.883184530254308,historical walk-forward,0
1995-12-31,0.2556577588108019,0,25.56577588108019,historical walk-forward,0
1996-01-31,0.3240758310202007,0,32.40758310202007,historical walk-forward,0
1996-02-29,0.2637157022855918,0,26.371570228559182,historical walk-forward,0
1996-03-31,0.1630218989019995,0,16.30218989019995,historical walk-forward,0
1996-04-30,0.2100175293649852,0,21.00175293649852,historical walk-forward,0
1996-05-31,0.2139091246319849,0,21.39091246319849,historical walk-forward,0
1996-06-30,0.13393243917658,0,13.393243917658,historical walk-forward,0
1996-07-31,0.1677268168374516,0,16.772681683745162,historical walk-forward,0
1996-08-31,0.1481594563399161,0,14.815945633991609,historical walk-forward,0
1996-09-30,0.2001244527292398,0,20.01244527292398,historical walk-forward,0
1996-10-31,0.1786356518721022,0,17.86356518721022,historical walk-forward,0
1996-11-30,0.1644189491625773,0,16.44189491625773,historical walk-forward,0
1996-12-31,0.1454751968168117,0,14.54751968168117,historical walk-forward,0
1997-01-31,0.1466060828742251,0,14.66060828742251,historical walk-forward,0
1997-02-28,0.1151764541015693,0,11.51764541015693,historical walk-forward,0
1997-03-31,0.1674743339209141,0,16.74743339209141,historical walk-forward,0
1997-04-30,0.1338065490048006,0,13.38065490048006,historical walk-forward,0
1997-05-31,0.2327454011891045,0,23.27454011891045,historical walk-forward,0
1997-06-30,0.2400593802716238,0,24.00593802716238,historical walk-forward,0
1997-07-31,0.2414937682802724,0,24.14937682802724,historical walk-forward,0
1997-08-31,0.3127023527473076,0,31.270235274730762,historical walk-forward,0
1997-09-30,0.2241253090596256,0,22.412530905962562,historical walk-forward,0
1997-10-31,0.2061375847731086,0,20.61375847731086,historical walk-forward,0
1997-11-30,0.2633923801755704,0,26.339238017557037,historical walk-forward,0
1997-12-31,0.3198750237435593,0,31.98750237435593,historical walk-forward,0
1998-01-31,0.3144764625894848,0,31.44764625894848,historical walk-forward,0
1998-02-28,0.2865674309317654,0,28.65674309317654,historical walk-forward,0
1998-03-31,0.3481193533749183,0,34.81193533749183,historical walk-forward,0
1998-04-30,0.4102404674646959,0,41.02404674646959,historical walk-forward,1
1998-05-31,0.523460034253955,0,52.3460034253955,historical walk-forward,1
1998-06-30,0.4870988859408062,0,48.70988859408062,historical walk-forward,1
1998-07-31,0.5184566382524189,0,51.84566382524189,historical walk-forward,1
1998-08-31,0.6150801636890006,0,61.508016368900066,historical walk-forward,1
1998-09-30,0.5035490547568435,0,50.354905475684355,historical walk-forward,1
1998-10-31,0.4872858460988356,0,48.728584609883555,historical walk-forward,1
1998-11-30,0.322635700123019,0,32.2635700123019,historical walk-forward,0
1998-12-31,0.4737362867438526,0,47.37362867438526,historical walk-forward,1
1999-01-31,0.5479930925805713,0,54.79930925805713,historical walk-forward,1
1999-02-28,0.5612953722343724,0,56.12953722343724,historical walk-forward,1
1999-03-31,0.5366772520188262,0,53.66772520188262,historical walk-forward,1
1999-04-30,0.540709786778562,0,54.070978677856196,historical walk-forward,1
1999-05-31,0.4525802642832965,0,45.25802642832965,historical walk-forward,1
1999-06-30,0.4294132606272761,0,42.94132606272761,historical walk-forward,1
1999-07-31,0.3501818623328957,0,35.01818623328957,historical walk-forward,1
1999-08-31,0.3027466663497292,0,30.27466663497292,historical walk-forward,0
1999-09-30,0.3551055420729129,0,35.51055420729129,historical walk-forward,1
1999-10-31,0.3485959414800338,0,34.85959414800338,historical walk-forward,0
1999-11-30,0.3073804749094109,0,30.73804749094109,historical walk-forward,0
1999-12-31,0.2917366681261758,0,29.173666812617583,historical walk-forward,0
2000-01-31,0.2526582089347438,0,25.265820893474377,historical walk-forward,0
2000-02-29,0.2011925952844483,0,20.11925952844483,historical walk-forward,0
2000-03-31,0.3182351505248771,0,31.82351505248771,historical walk-forward,0
2000-04-30,0.4496033346979053,1,44.960333469790534,historical walk-forward,1
2000-05-31,0.4931351509203823,1,49.31351509203823,historical walk-forward,1
2000-06-30,0.4447288811482093,1,44.47288811482093,historical walk-forward,1
2000-07-31,0.4468427011670549,1,44.68427011670549,historical walk-forward,1
2000-08-31,0.3824850427602303,1,38.248504276023034,historical walk-forward,1
2000-09-30,0.4224626100491496,1,42.246261004914956,historical walk-forward,1
2000-10-31,0.3735285512456268,1,37.35285512456268,historical walk-forward,1
2000-11-30,0.3295025801136567,1,32.95025801136567,historical walk-forward,0
2000-12-31,0.3071149590239862,1,30.71149590239862,historical walk-forward,0
2001-01-31,0.333783846867681,1,33.3783846867681,historical walk-forward,0
2001-02-28,0.1426051525722759,1,14.26051525722759,historical walk-forward,0
2001-03-31,0.1393196767255699,1,13.931967672556992,historical walk-forward,0
2001-04-30,0.1147498786560551,0,11.47498786560551,historical walk-forward,0
2001-05-31,0.0657895977943668,0,6.57895977943668,historical walk-forward,0
2001-06-30,0.0568951480363597,0,5.68951480363597,historical walk-forward,0
2001-07-31,0.0552069400217877,0,5.52069400217877,historical walk-forward,0
2001-08-31,0.0534682797372016,0,5.34682797372016,historical walk-forward,0
2001-09-30,0.0618071306444698,0,6.18071306444698,historical walk-forward,0
2001-10-31,0.0255466706667536,0,2.55466706667536,historical walk-forward,0
2001-11-30,0.0118757626979346,0,1.18757626979346,historical walk-forward,0
2001-12-31,0.0102927972249985,0,1.02927972249985,historical walk-forward,0
2002-01-31,0.0078967428954302,0,0.78967428954302,historical walk-forward,0
2002-02-28,0.0085340027673051,0,0.85340027673051,historical walk-forward,0
2002-03-31,0.011628469608948,0,1.1628469608948,historical walk-forward,0
2002-04-30,0.0118645298958524,0,1.18645298958524,historical walk-forward,0
2002-05-31,0.0068601880555319,0,0.68601880555319,historical walk-forward,0
2002-06-30,0.0051450977559482,0,0.51450977559482,historical walk-forward,0
2002-07-31,0.0030445693281491,0,0.30445693281491,historical walk-forward,0
2002-08-31,0.0019260909784779,0,0.19260909784778998,historical walk-forward,0
2002-09-30,0.0019070985670562,0,0.19070985670562002,historical walk-forward,0
2002-10-31,0.0032502333796125,0,0.32502333796125,historical walk-forward,0
2002-11-30,0.0020860246812574,0,0.20860246812574001,historical walk-forward,0
2002-12-31,0.0011891420338711,0,0.11891420338710999,historical walk-forward,0
2003-01-31,0.0009354745889341,0,0.09354745889341,historical walk-forward,0
2003-02-28,0.0008660918072522,0,0.08660918072522,historical walk-forward,0
2003-03-31,0.0009209298314873,0,0.09209298314873,historical walk-forward,0
2003-04-30,0.0012986106318936,0,0.12986106318936,historical walk-forward,0
2003-05-31,0.0010251613658159,0,0.10251613658159,historical walk-forward,0
2003-06-30,0.0016618446799181,0,0.16618446799181,historical walk-forward,0
2003-07-31,0.0016308649388501,0,0.16308649388501,historical walk-forward,0
2003-08-31,0.0007015846329949,0,0.07015846329948999,historical walk-forward,0
2003-09-30,0.0005649797911754,0,0.05649797911754,historical walk-forward,0
2003-10-31,0.0005425200308313,0,0.054252003083129996,historical walk-forward,0
2003-11-30,0.0004942713652924,0,0.049427136529239996,historical walk-forward,0
2003-12-31,0.0006894232247767,0,0.06894232247767,historical walk-forward,0
2004-01-31,0.0007120430045199,0,0.07120430045199,historical walk-forward,0
2004-02-29,0.0007020370570739,0,0.07020370570739,historical walk-forward,0
2004-03-31,0.0007483212690644,0,0.07483212690644,historical walk-forward,0
2004-04-30,0.0007959658185524,0,0.07959658185523999,historical walk-forward,0
2004-05-31,0.0006095175808935,0,0.06095175808935,historical walk-forward,0
2004-06-30,0.0005994091122566,0,0.059940911225660004,historical walk-forward,0
2004-07-31,0.0011787460254136,0,0.11787460254136001,historical walk-forward,0
2004-08-31,0.0019396819376286,0,0.19396819376285998,historical walk-forward,0
2004-09-30,0.0024460582557744,0,0.24460582557744,historical walk-forward,0
2004-10-31,0.0042517903394792,0,0.42517903394792,historical walk-forward,0
2004-11-30,0.0045505207818068,0,0.45505207818067994,historical walk-forward,0
2004-12-31,0.0096444951068872,0,0.96444951068872,historical walk-forward,0
2005-01-31,0.0120203417648723,0,1.20203417648723,historical walk-forward,0
2005-02-28,0.0259070991828621,0,2.59070991828621,historical walk-forward,0
2005-03-31,0.0425455416633876,0,4.25455416633876,historical walk-forward,0
2005-04-30,0.0462822676606558,0,4.6282267660655805,historical walk-forward,0
2005-05-31,0.0646597381122619,0,6.46597381122619,historical walk-forward,0
2005-06-30,0.1138890130114961,0,11.38890130114961,historical walk-forward,0
2005-07-31,0.1365866818774911,0,13.65866818774911,historical walk-forward,0
2005-08-31,0.1749963197309837,0,17.49963197309837,historical walk-forward,0
2005-09-30,0.2174598240661379,0,21.74598240661379,historical walk-forward,0
2005-10-31,0.2196783042629772,0,21.96783042629772,historical walk-forward,0
2005-11-30,0.2592557796487402,0,25.92557796487402,historical walk-forward,0
2005-12-31,0.2655422238122271,0,26.554222381222708,historical walk-forward,0
2006-01-31,0.3050790176570096,0,30.50790176570096,historical walk-forward,0
2006-02-28,0.3443649168995226,0,34.436491689952256,historical walk-forward,0
2006-03-31,0.3940709217780422,0,39.40709217780422,historical walk-forward,1
2006-04-30,0.3404096258321473,0,34.04096258321473,historical walk-forward,0
2006-05-31,0.2391802328146791,0,23.91802328146791,historical walk-forward,0
2006-06-30,0.2460996098403922,0,24.60996098403922,historical walk-forward,0
2006-07-31,0.3181403699135213,0,31.81403699135213,historical walk-forward,0
2006-08-31,0.2875086277029116,0,28.750862770291157,historical walk-forward,0
2006-09-30,0.3012091057448268,0,30.12091057448268,historical walk-forward,0
2006-10-31,0.2931972431410863,0,29.31972431410863,historical walk-forward,0
2006-11-30,0.3562499375237496,0,35.62499375237496,historical walk-forward,1
2006-12-31,0.4379024148953333,0,43.79024148953333,historical walk-forward,1
2007-01-31,0.4434949389655764,1,44.34949389655764,historical walk-forward,1
2007-02-28,0.4445863219016303,1,44.45863219016303,historical walk-forward,1
2007-03-31,0.4267712496865123,1,42.67712496865123,historical walk-forward,1
2007-04-30,0.4047496164599012,1,40.47496164599012,historical walk-forward,1
2007-05-31,0.3854079447492833,1,38.54079447492833,historical walk-forward,1
2007-06-30,0.416474649627967,1,41.6474649627967,historical walk-forward,1
2007-07-31,0.3410252139966645,1,34.10252139966645,historical walk-forward,0
2007-08-31,0.2873630861582296,1,28.73630861582296,historical walk-forward,0
2007-09-30,0.1938587859842503,1,19.38587859842503,historical walk-forward,0
2007-10-31,0.1249431164609795,1,12.49431164609795,historical walk-forward,0
2007-11-30,0.1156471187813076,1,11.56471187813076,historical walk-forward,0
2007-12-31,0.0597560474560371,1,5.97560474560371,historical walk-forward,0
2008-01-31,0.0373521927761298,0,3.73521927761298,historical walk-forward,0
2008-02-29,0.0164099096285464,0,1.64099096285464,historical walk-forward,0
2008-03-31,0.0057467879244403,0,0.57467879244403,historical walk-forward,0
2008-04-30,0.0031996664595224,0,0.31996664595224,historical walk-forward,0
2008-05-31,0.009116295799655,0,0.9116295799655,historical walk-forward,0
2008-06-30,0.0115851629775895,0,1.15851629775895,historical walk-forward,0
2008-07-31,0.0145906101974966,0,1.4590610197496598,historical walk-forward,0
2008-08-31,0.0106041128796937,0,1.0604112879693701,historical walk-forward,0
2008-09-30,0.0103545512747979,0,1.03545512747979,historical walk-forward,0
2008-10-31,0.0146150833852551,0,1.4615083385255099,historical walk-forward,0
2008-11-30,0.0022640328338063,0,0.22640328338063,historical walk-forward,0
2008-12-31,0.0024430681893088,0,0.24430681893088,historical walk-forward,0
2009-01-31,0.0179273260534183,0,1.7927326053418302,historical walk-forward,0
2009-02-28,0.0165024977380541,0,1.6502497738054098,historical walk-forward,0
2009-03-31,0.0104116591066042,0,1.0411659106604199,historical walk-forward,0
2009-04-30,0.0098336636171653,0,0.9833663617165299,historical walk-forward,0
2009-05-31,0.0052948609098986,0,0.52948609098986,historical walk-forward,0
2009-06-30,0.0017608236560823,0,0.17608236560822998,historical walk-forward,0
2009-07-31,0.0010926397891173,0,0.10926397891173,historical walk-forward,0
2009-08-31,0.0010471127883277,0,0.10471127883277,historical walk-forward,0
2009-09-30,0.0005796426929304,0,0.05796426929304,historical walk-forward,0
2009-10-31,0.00019344498754,0,0.019344498754,historical walk-forward,0
2009-11-30,0.0001924634409603,0,0.01924634409603,historical walk-forward,0
2009-12-31,9.377774221115776e-05,0,0.009377774221115777,historical walk-forward,0
2010-01-31,3.386403857747432e-05,0,0.0033864038577474317,historical walk-forward,0
2010-02-28,1.641185943480638e-05,0,0.001641185943480638,historical walk-forward,0
2010-03-31,1.2772278778108758e-05,0,0.0012772278778108758,historical walk-forward,0
2010-04-30,9.05480026246849e-06,0,0.000905480026246849,historical walk-forward,0
2010-05-31,5.608455209027717e-06,0,0.0005608455209027717,historical walk-forward,0
2010-06-30,5.757020835048293e-06,0,0.0005757020835048293,historical walk-forward,0
2010-07-31,8.55084931894821e-06,0,0.000855084931894821,historical walk-forward,0
2010-08-31,1.2234617005021968e-05,0,0.0012234617005021967,historical walk-forward,0
2010-09-30,2.8432665390370998e-05,0,0.0028432665390371,historical walk-forward,0
2010-10-31,3.618136639780098e-05,0,0.003618136639780098,historical walk-forward,0
2010-11-30,3.778376380837185e-05,0,0.003778376380837185,historical walk-forward,0
2010-12-31,2.306888633577129e-05,0,0.002306888633577129,historical walk-forward,0
2011-01-31,1.0810605117687008e-05,0,0.0010810605117687008,historical walk-forward,0
2011-02-28,1.2950390677967277e-05,0,0.0012950390677967276,historical walk-forward,0
2011-03-31,1.173531666192222e-05,0,0.0011735316661922218,historical walk-forward,0
2011-04-30,1.5700964612852467e-05,0,0.0015700964612852468,historical walk-forward,0
2011-05-31,1.655501132264391e-05,0,0.001655501132264391,historical walk-forward,0
2011-06-30,2.912218605813087e-05,0,0.002912218605813087,historical walk-forward,0
2011-07-31,2.9044939484929937e-05,0,0.0029044939484929935,historical walk-forward,0
2011-08-31,2.9505792875981717e-05,0,0.002950579287598172,historical walk-forward,0
2011-09-30,0.000124693240456,0,0.0124693240456,historical walk-forward,0
2011-10-31,0.000284889704636,0,0.0284889704636,historical walk-forward,0
2011-11-30,0.0002008624321564,0,0.02008624321564,historical walk-forward,0
2011-12-31,0.0003697451985196,0,0.03697451985196,historical walk-forward,0
2012-01-31,0.0005400145250742,0,0.05400145250741999,historical walk-forward,0
2012-02-29,0.0005599804059899,0,0.055998040598989995,historical walk-forward,0
2012-03-31,0.000511317622994,0,0.0511317622994,historical walk-forward,0
2012-04-30,0.0004287592550228,0,0.04287592550228,historical walk-forward,0
2012-05-31,0.0003926666246083,0,0.03926666246083,historical walk-forward,0
2012-06-30,0.000774835064336,0,0.07748350643360001,historical walk-forward,0
2012-07-31,0.0012441388036589,0,0.12441388036588999,historical walk-forward,0
2012-08-31,0.0014583501983533,0,0.14583501983532998,historical walk-forward,0
2012-09-30,0.0016992163214163,0,0.16992163214163,historical walk-forward,0
2012-10-31,0.0017835877519595,0,0.17835877519595,historical walk-forward,0
2012-11-30,0.0021356905132454,0,0.21356905132454002,historical walk-forward,0
2012-12-31,0.0024324942291624,0,0.24324942291624,historical walk-forward,0
2013-01-31,0.0020988063173074,0,0.20988063173073998,historical walk-forward,0
2013-02-28,0.0012653649528414,0,0.12653649528414,historical walk-forward,0
2013-03-31,0.0011190858888489,0,0.11190858888489,historical walk-forward,0
2013-04-30,0.000994340247244,0,0.09943402472440001,historical walk-forward,0
2013-05-31,0.0023718889393903,0,0.23718889393902998,historical walk-forward,0
2013-06-30,0.0016131731829749,0,0.16131731829749002,historical walk-forward,0
2013-07-31,0.0007080461732702,0,0.07080461732702,historical walk-forward,0
2013-08-31,0.0004550253885776,0,0.045502538857760004,historical walk-forward,0
2013-09-30,0.00025970488594,0,0.025970488594,historical walk-forward,0
2013-10-31,0.0002371839228966,0,0.023718392289660002,historical walk-forward,0
2013-11-30,0.0002838880076188,0,0.02838880076188,historical walk-forward,0
2013-12-31,0.0002543426837069,0,0.025434268370690002,historical walk-forward,0
2014-01-31,0.0001856160558565,0,0.01856160558565,historical walk-forward,0
2014-02-28,0.0003126623963219,0,0.03126623963219,historical walk-forward,0
2014-03-31,0.0003636441528712,0,0.03636441528712,historical walk-forward,0
2014-04-30,0.000347294537201,0,0.0347294537201,historical walk-forward,0
2014-05-31,0.0005368769421861,0,0.05368769421861,historical walk-forward,0
2014-06-30,0.0006086343888871,0,0.06086343888871,historical walk-forward,0
2014-07-31,0.0007296571508155,0,0.07296571508155,historical walk-forward,0
2014-08-31,0.0007966597353101,0,0.07966597353101,historical walk-forward,0
2014-09-30,0.0012987156990473,0,0.12987156990473,historical walk-forward,0
2014-10-31,0.001358492147222,0,0.1358492147222,historical walk-forward,0
2014-11-30,0.0021028349762368,0,0.21028349762368,historical walk-forward,0
2014-12-31,0.001838903034443,0,0.1838903034443,historical walk-forward,0
2015-01-31,0.0040960268989177,0,0.40960268989176996,historical walk-forward,0
2015-02-28,0.0071766843945119,0,0.71766843945119,historical walk-forward,0
2015-03-31,0.0103179003036709,0,1.0317900303670902,historical walk-forward,0
2015-04-30,0.0129309220309304,0,1.29309220309304,historical walk-forward,0
2015-05-31,0.0144957530929372,0,1.44957530929372,historical walk-forward,0
2015-06-30,0.0095033327538136,0,0.95033327538136,historical walk-forward,0
2015-07-31,0.0088094325220756,0,0.8809432522075601,historical walk-forward,0
2015-08-31,0.0092252806068893,0,0.92252806068893,historical walk-forward,0
2015-09-30,0.0186201957214392,0,1.8620195721439199,historical walk-forward,0
2015-10-31,0.0215175359970314,0,2.15175359970314,historical walk-forward,0
2015-11-30,0.0255079408426009,0,2.55079408426009,historical walk-forward,0
2015-12-31,0.0397711184862499,0,3.97711184862499,historical walk-forward,0
2016-01-31,0.0596963395350695,0,5.96963395350695,historical walk-forward,0
2016-02-29,0.0603430956306913,0,6.0343095630691295,historical walk-forward,0
2016-03-31,0.0920540751718843,0,9.20540751718843,historical walk-forward,0
2016-04-30,0.1136582262970885,0,11.36582262970885,historical walk-forward,0
2016-05-31,0.0883571078156164,0,8.83571078156164,historical walk-forward,0
2016-06-30,0.1248197820231758,0,12.48197820231758,historical walk-forward,0
2016-07-31,0.1148261225101986,0,11.482612251019859,historical walk-forward,0
2016-08-31,0.1342868583158505,0,13.42868583158505,historical walk-forward,0
2016-09-30,0.1533138163854356,0,15.33138163854356,historical walk-forward,0
2016-10-31,0.129540204832466,0,12.9540204832466,historical walk-forward,0
2016-11-30,0.1145478161993814,0,11.45478161993814,historical walk-forward,0
2016-12-31,0.0737028689315026,0,7.3702868931502605,historical walk-forward,0
2017-01-31,0.0382590456158454,0,3.82590456158454,historical walk-forward,0
2017-02-28,0.0476135037952184,0,4.76135037952184,historical walk-forward,0
2017-03-31,0.0452542851887467,0,4.52542851887467,historical walk-forward,0
2017-04-30,0.0451355726593605,0,4.5135572659360506,historical walk-forward,0
2017-05-31,0.0545233990112153,0,5.45233990112153,historical walk-forward,0
2017-06-30,0.0648025913712411,0,6.48025913712411,historical walk-forward,0
2017-07-31,0.0911414307209249,0,9.11414307209249,historical walk-forward,0
2017-08-31,0.0716122445355711,0,7.161224453557111,historical walk-forward,0
2017-09-30,0.0869711437941168,0,8.69711437941168,historical walk-forward,0
2017-10-31,0.115670366396424,0,11.5670366396424,historical walk-forward,0
2017-11-30,0.0924219589321476,0,9.24219589321476,historical walk-forward,0
2017-12-31,0.122612617411257,0,12.261261741125699,historical walk-forward,0
2018-01-31,0.1469705922196126,0,14.69705922196126,historical walk-forward,0
2018-02-28,0.1444414818698694,0,14.444148186986942,historical walk-forward,0
2018-03-31,0.0925737947802715,0,9.25737947802715,historical walk-forward,0
2018-04-30,0.1214200047964502,0,12.14200047964502,historical walk-forward,0
2018-05-31,0.1904239044426019,0,19.04239044426019,historical walk-forward,0
2018-06-30,0.2101982103723051,0,21.01982103723051,historical walk-forward,0
2018-07-31,0.2091943930457163,0,20.91943930457163,historical walk-forward,0
2018-08-31,0.2482227509699961,0,24.82227509699961,historical walk-forward,0
2018-09-30,0.2345369825490356,0,23.45369825490356,historical walk-forward,0
2018-10-31,0.2584418410802029,0,25.84418410802029,historical walk-forward,0
2018-11-30,0.271475945142649,0,27.1475945142649,historical walk-forward,0
2018-12-31,0.3009462066494243,0,30.09462066494243,historical walk-forward,0
2019-01-31,0.317521577968442,0,31.752157796844198,historical walk-forward,0
2019-02-28,0.2932879623988,0,29.32879623988,historical walk-forward,0
2019-03-31,0.3371833524485538,1,33.71833524485538,historical walk-forward,0
2019-04-30,0.3707764697409166,1,37.077646974091664,historical walk-forward,1
2019-05-31,0.4753583875039546,1,47.535838750395456,historical walk-forward,1
2019-06-30,0.4151338850953011,1,41.51338850953011,historical walk-forward,1
2019-07-31,0.3801736923382091,1,38.01736923382091,historical walk-forward,1
2019-08-31,0.4228929827575674,1,42.28929827575674,historical walk-forward,1
2019-09-30,0.5377732974712216,1,53.77732974712216,historical walk-forward,1
2019-10-31,0.5928296666941949,1,59.28296666941949,historical walk-forward,1
2019-11-30,0.5396286506580444,1,53.96286506580444,historical walk-forward,1
2019-12-31,0.5058735493961447,1,50.58735493961447,historical walk-forward,1
2020-01-31,0.4965608636502375,1,49.65608636502375,historical walk-forward,1
2020-02-29,0.4357562426159252,1,43.57562426159252,historical walk-forward,1
2020-03-31,0.4907906427617663,0,49.07906427617663,historical walk-forward,1
2020-04-30,0.9999672267752328,0,99.99672267752328,historical walk-forward,1
2020-05-31,0.9999708915331504,0,99.99708915331504,historical walk-forward,1
2020-06-30,0.7532897585616645,0,75.32897585616645,historical walk-forward,1
2020-07-31,0.1778239410881133,0,17.78239410881133,historical walk-forward,0
2020-08-31,0.1199038519996515,0,11.99038519996515,historical walk-forward,0
2020-09-30,0.1884799067935018,0,18.84799067935018,historical walk-forward,0
2020-10-31,0.1731471432573719,0,17.314714325737192,historical walk-forward,0
2020-11-30,0.1593559385369345,0,15.93559385369345,historical walk-forward,0
2020-12-31,0.1481620492528818,0,14.81620492528818,historical walk-forward,0
2021-01-31,0.0707847168130616,0,7.07847168130616,historical walk-forward,0
2021-02-28,0.0405041268983377,0,4.050412689833769,historical walk-forward,0
2021-03-31,0.0533433412608701,0,5.33433412608701,historical walk-forward,0
2021-04-30,0.0028040276540759,0,0.28040276540759,historical walk-forward,0
2021-05-31,3.352007030217379e-05,0,0.0033520070302173787,historical walk-forward,0
2021-06-30,7.881283606707164e-05,0,0.007881283606707165,historical walk-forward,0
2021-07-31,0.0007215126290849,0,0.07215126290849,historical walk-forward,0
2021-08-31,0.0048775407178666,0,0.48775407178666,historical walk-forward,0
2021-09-30,0.0077307377276052,0,0.7730737727605199,historical walk-forward,0
2021-10-31,0.0124064689474518,0,1.2406468947451799,historical walk-forward,0
2021-11-30,0.0113321151243105,0,1.13321151243105,historical walk-forward,0
2021-12-31,0.0239375049224201,0,2.39375049224201,historical walk-forward,0
2022-01-31,0.1008092854605837,0,10.08092854605837,historical walk-forward,0
2022-02-28,0.0796646696587498,0,7.96646696587498,historical walk-forward,0
2022-03-31,0.0887800813890308,0,8.87800813890308,historical walk-forward,0
2022-04-30,0.3290274254622252,0,32.90274254622252,historical walk-forward,0
2022-05-31,0.2791310069113313,0,27.91310069113313,historical walk-forward,0
2022-06-30,0.2813061416428473,0,28.13061416428473,historical walk-forward,0
2022-07-31,0.4425731452963746,0,44.25731452963746,historical walk-forward,1
2022-08-31,0.679093340286076,0,67.9093340286076,historical walk-forward,1
2022-09-30,0.7866386229059779,0,78.66386229059779,historical walk-forward,1
2022-10-31,0.7355522725800274,0,73.55522725800274,historical walk-forward,1
2022-11-30,0.8274655901829383,0,82.74655901829384,historical walk-forward,1
2022-12-31,0.9189870645906202,0,91.89870645906201,historical walk-forward,1
2023-01-31,0.9532562259361498,0,95.32562259361498,historical walk-forward,1
2023-02-28,0.9671037562885824,0,96.71037562885823,historical walk-forward,1
2023-03-31,0.9758692490868164,0,97.58692490868164,historical walk-forward,1
2023-04-30,0.9598242314536488,0,95.98242314536488,historical walk-forward,1
2023-05-31,0.9560026404996392,0,95.60026404996393,historical walk-forward,1
2023-06-30,0.946157999818225,0,94.6157999818225,historical walk-forward,1
2023-07-31,0.9830758817631412,0,98.30758817631413,historical walk-forward,1
2023-08-31,0.984228112475162,0,98.4228112475162,historical walk-forward,1
2023-09-30,0.9563630766155228,0,95.63630766155228,historical walk-forward,1
2023-10-31,0.943761930837016,0,94.3761930837016,historical walk-forward,1
2023-11-30,0.854249325552312,0,85.42493255523121,historical walk-forward,1
2023-12-31,0.8780684195294016,0,87.80684195294016,historical walk-forward,1
2024-01-31,0.837833759602489,0,83.78337596024889,historical walk-forward,1
2024-02-29,0.7767821428102486,0,77.67821428102486,historical walk-forward,1
2024-03-31,0.7692984609896071,0,76.92984609896071,historical walk-forward,1
2024-04-30,0.7631020132130651,0,76.31020132130651,historical walk-forward,1
2024-05-31,0.7236378556412735,0,72.36378556412734,historical walk-forward,1
2024-06-30,0.6918298439191358,0,69.18298439191358,historical walk-forward,1
2024-07-31,0.6309111023697069,0,63.09111023697069,historical walk-forward,1
2024-08-31,0.5552869431618727,0,55.52869431618726,historical walk-forward,1
2024-09-30,0.4620253524042598,0,46.20253524042598,historical walk-forward,1
2024-10-31,0.3819779861400966,0,38.197798614009656,historical walk-forward,1
2024-11-30,0.3497009440967502,0,34.97009440967502,historical walk-forward,0
2024-12-31,0.3601617467346047,0,36.01617467346047,historical walk-forward,1
2025-01-31,0.2955190550323519,0,29.551905503235187,historical walk-forward,0
2025-02-28,0.2055504602046688,0,20.55504602046688,historical walk-forward,0
2025-03-31,0.2385432597182907,0,23.85432597182907,historical walk-forward,0
2025-04-30,0.2089282527489843,0,20.89282527489843,historical walk-forward,0
2025-05-31,0.1518602465638664,0,15.18602465638664,historical walk-forward,0
2025-06-30,0.1584571767316814,0,15.845717673168139,historical walk-forward,0
2026-08-31,0.1700451816278931,,17.00451816278931,live frozen model,0
