observation_date,unemployment_rate,yield_curve,initial_claims,recession,recession_start,recession_next_12m,industrial_production,industrial_production_growth
1977-05-31,7.0,1.2019047619047618,380250.0,0,0,0,47.6411,
1977-06-30,7.2,1.1481818181818182,361250.0,0,0,0,48.0116,
1977-07-31,6.9,1.055263157894737,361400.0,0,0,0,48.073,
1977-08-31,7.0,0.7852173913043478,367250.0,0,0,0,48.1205,
1977-09-30,6.8,0.6295238095238096,368750.0,0,0,0,48.3189,
1977-10-31,6.8,0.4175,359000.0,0,0,0,48.3871,
1977-11-30,6.8,0.4347368421052631,353500.0,0,0,0,48.4761,
1977-12-31,6.4,0.5085714285714286,359600.0,0,0,0,48.5629,
1978-01-31,6.4,0.4704761904761904,351000.0,0,0,0,47.8481,
1978-02-28,6.3,0.4683333333333333,383250.0,0,0,0,48.1044,
1978-03-31,6.3,0.4609090909090909,349000.0,0,0,0,49.0265,
1978-04-30,6.1,0.4105,326000.0,0,0,0,50.0206,
1978-05-31,6.0,0.3395238095238095,327000.0,0,0,0,50.254,5.484550104846431
1978-06-30,5.9,0.2227272727272727,324250.0,0,0,0,50.5801,5.349748810704069
1978-07-31,6.2,0.1505,350200.0,0,0,0,50.5384,5.128450481559299
1978-08-31,5.9,0.0443478260869565,348750.0,0,0,0,50.7458,5.455678972579259
1978-09-30,6.0,-0.149,322600.0,0,0,0,50.8744,5.288820730604393
1978-10-31,5.8,-0.2114285714285714,328250.0,0,0,0,51.2559,5.928852938076479
1978-11-30,5.9,-0.6195,330500.0,0,0,0,51.6514,6.550238158597743
1978-12-31,6.0,-0.709,355600.0,0,0,0,51.909,6.890239256716546
1979-01-31,5.9,-0.7604545454545455,357500.0,0,0,0,51.6278,7.899373224851147
1979-02-28,5.9,-0.6183333333333333,358500.0,0,0,1,51.8752,7.8387839781807855
1979-03-31,5.8,-0.6722727272727272,358000.0,0,0,1,52.0446,6.156058458180791
1979-04-30,5.8,-0.5965,415500.0,0,0,1,51.4193,2.7962479458462974
1979-05-31,5.6,-0.5314285714285715,348000.0,0,0,1,51.8856,3.246706729812554
1979-06-30,5.7,-0.3066666666666667,360000.0,0,0,1,51.8965,2.6026045816437637
1979-07-31,5.7,-0.1876190476190476,379250.0,0,0,1,51.8097,2.515512956484578
1979-08-31,6.0,-0.4291304347826086,393750.0,0,0,1,51.4684,1.423960209514874
1979-09-30,5.9,-0.7215789473684211,385800.0,0,0,1,51.4597,1.1504803987860246
1979-10-31,6.0,-1.1904545454545454,402250.0,0,0,1,51.8334,1.126699560440847
1979-11-30,5.9,-1.1552631578947368,413250.0,0,0,1,51.7531,0.19689688953252737
1979-12-31,6.0,-1.0045,428200.0,0,0,1,51.7878,-0.23348552274172762
1980-01-31,6.3,-0.6959090909090909,414250.0,0,0,1,52.0679,0.8524477122790364
1980-02-29,6.3,-1.0036842105263155,418000.0,1,1,0,52.082,0.3986490654493968
1980-03-31,6.3,-2.1357142857142857,433800.0,1,0,0,51.87,-0.3354814908751447
1980-04-30,6.9,-1.0285714285714287,529750.0,1,0,0,50.8397,-1.1272032096897422
1980-05-31,7.5,0.7314285714285714,615800.0,1,0,0,49.589,-4.4262762693309865
1980-06-30,7.6,1.05,607000.0,1,0,0,48.9482,-5.68111529679266
1980-07-31,7.8,1.2181818181818185,559250.0,1,0,0,48.6039,-6.187644398635772
1980-08-31,7.7,0.5742857142857143,528200.0,0,0,1,48.7563,-5.269446883913231
1980-09-30,7.5,-0.0661904761904762,482750.0,0,0,1,49.5608,-3.6900720369531848
1980-10-31,7.5,-0.3368181818181818,438000.0,0,0,1,50.1908,-3.168999139550932
1980-11-30,7.5,-0.8294117647058823,412600.0,0,0,1,51.0311,-1.3950855117857652
1980-12-31,7.2,-1.232727272727273,410000.0,0,0,1,51.3708,-0.8052089488257752
1981-01-31,7.5,-0.6938095238095239,413000.0,0,0,1,51.0415,-1.9712721273567824
1981-02-28,7.4,-0.7244444444444444,428750.0,0,0,1,50.824,-2.415421834798981
1981-03-31,7.4,-0.4527272727272727,407500.0,0,0,1,51.0826,-1.5180258338153063
1981-04-30,7.2,-0.4719047619047619,410250.0,0,0,1,50.858,0.03599549171218186
1981-05-31,7.5,-1.3575,416400.0,0,0,1,51.1495,3.1468672487850124
1981-06-30,7.5,-1.0336363636363637,433000.0,0,0,1,51.4101,5.029602722878468
1981-07-31,7.2,-1.0731818181818182,430750.0,0,0,1,51.7471,6.466970757490653
1981-08-31,7.4,-1.3476190476190475,450200.0,1,1,0,51.6826,6.001891037671014
1981-09-30,7.6,-1.1338095238095238,473250.0,1,0,0,51.4337,3.778994689351256
1981-10-31,7.9,-0.3947619047619047,492800.0,1,0,0,51.0281,1.6682340189835498
1981-11-30,8.3,0.5111111111111111,511750.0,1,0,0,50.435,-1.1681112106147085
1981-12-31,8.5,0.4340909090909091,551000.0,1,0,0,49.8987,-2.8656357308042835
1982-01-31,8.6,0.026,535200.0,1,0,0,48.8685,-4.257320023902123
1982-02-28,8.9,-0.3977777777777778,533750.0,1,0,0,49.8636,-1.8896584290886143
1982-03-31,9.0,-0.3330434782608695,556500.0,1,0,0,49.5323,-3.0348885922016455
1982-04-30,9.3,-0.3304761904761905,587000.0,1,0,0,49.075,-3.5058397892170245
1982-05-31,9.4,-0.1545,583800.0,1,0,0,48.7483,-4.694474041779495
1982-06-30,9.6,-0.1659090909090909,599500.0,1,0,0,48.6214,-5.424420493249382
1982-07-31,9.8,0.149047619047619,576000.0,1,0,0,48.4616,-6.349148068200938
1982-08-31,9.8,0.7313636363636363,629500.0,1,0,0,48.0192,-7.088265683228013
1982-09-30,10.1,0.5557142857142857,660750.0,1,0,0,47.9008,-6.868842801509523
1982-10-31,10.4,0.719,652400.0,1,0,0,47.4371,-7.0372990567941995
1982-11-30,10.8,0.7547368421052632,594250.0,1,0,0,47.283,-6.24962823436106
1982-12-31,10.8,0.8777272727272727,523750.0,0,0,0,46.9485,-5.912378478798031
1983-01-31,10.4,1.1295238095238094,501000.0,0,0,0,47.8234,-2.13859643737786
1983-02-28,10.4,1.088421052631579,488750.0,0,0,0,47.5233,-4.693403605034529
1983-03-31,10.3,0.8504347826086956,480250.0,0,0,0,47.9244,-3.2461646238918895
1983-04-30,10.2,0.8320000000000001,496000.0,0,0,0,48.5311,-1.1083036169128868
1983-05-31,10.1,0.8909523809523809,468000.0,0,0,0,48.8239,0.15508233107617286
1983-06-30,10.1,0.6668181818181819,444250.0,0,0,0,49.123,1.0316445022150678
1983-07-31,9.4,0.692,408000.0,0,0,0,49.8546,2.8744407943608996
1983-08-31,9.5,0.7756521739130434,435750.0,0,0,0,50.4443,5.050271558043451
1983-09-30,9.2,0.8638095238095238,408750.0,0,0,0,51.178,6.8416393880686766
1983-10-31,8.8,0.97,402200.0,0,0,0,51.5693,8.710903491149335
1983-11-30,8.5,1.0257894736842106,392500.0,0,0,0,51.7993,9.551635894507537
1983-12-31,8.3,0.9928571428571428,368800.0,0,0,0,52.0594,10.886183797139415
1984-01-31,8.0,1.031904761904762,351000.0,0,0,0,53.0985,11.03037425193525
1984-02-29,7.8,1.056842105263158,339250.0,0,0,0,53.3318,12.222425631216694
1984-03-31,7.8,1.0045454545454546,345800.0,0,0,0,53.5929,11.828004106467693
1984-04-30,7.7,0.9475,369250.0,0,0,0,53.91,11.083408371126957
1984-05-31,7.4,0.9386363636363636,360250.0,0,0,0,54.2026,11.016530838380367
1984-06-30,7.2,0.6561904761904762,361400.0,0,0,0,54.4014,10.74527207214544
1984-07-31,7.5,0.4847619047619047,360500.0,0,0,0,54.5521,9.422400340189284
1984-08-31,7.5,0.2817391304347826,389500.0,0,0,0,54.6083,8.254649187321462
1984-09-30,7.3,0.3178947368421053,395400.0,0,0,0,54.4466,6.386728672476449
1984-10-31,7.4,0.5604545454545454,419250.0,0,0,0,54.4406,5.567847537197523
1984-11-30,7.2,0.9236842105263158,407000.0,0,0,0,54.624,5.453162494473873
1984-12-31,7.3,1.318,385600.0,0,0,0,54.6416,4.960103266653104
1985-01-31,7.3,1.4533333333333334,370750.0,0,0,0,54.6322,2.888405510513481
1985-02-28,7.2,1.3433333333333333,391750.0,0,0,0,54.7825,2.7201407040452263
1985-03-31,7.2,1.1423809523809525,380800.0,0,0,0,54.8653,2.3741950892748775
1985-04-30,7.3,1.345714285714286,398250.0,0,0,0,54.7459,1.5505472083101601
1985-05-31,7.2,1.4527272727272729,392750.0,0,0,0,54.8255,1.1492068646153486
1985-06-30,7.4,1.468,392400.0,0,0,0,54.7989,0.7306797251541264
1985-07-31,7.4,1.5336363636363637,378250.0,0,0,0,54.5396,-0.02291387499290254
1985-08-31,7.1,1.3881818181818182,404400.0,0,0,0,54.7055,0.17799492018613083
1985-09-30,7.1,1.39,408500.0,0,0,0,54.8906,0.8154779178130456
1985-10-31,7.1,1.3722727272727273,405750.0,0,0,0,54.7199,0.5130362266396737
1985-11-30,7.0,1.2005263157894737,393400.0,0,0,0,54.9124,0.5279730521382531
1985-12-31,7.0,1.1123809523809522,385250.0,0,0,0,55.4412,1.4633539281426744
1986-01-31,6.7,1.0514285714285716,366750.0,0,0,0,55.7481,2.042568302210057
1986-02-28,7.2,0.7368421052631579,369500.0,0,0,0,55.3568,1.0483274768402273
1986-03-31,7.2,0.564,381200.0,0,0,0,54.9625,0.17716115650512343
1986-04-30,7.1,0.604090909090909,385750.0,0,0,0,55.0413,0.5395837861830843
1986-05-31,7.2,0.6423809523809524,386000.0,0,0,0,55.1226,0.541901122652777
1986-06-30,7.2,0.6147619047619047,370500.0,0,0,0,54.9005,0.18540518149086083
1986-07-31,7.0,0.6368181818181818,362000.0,0,0,0,55.2592,1.3194082831557319
1986-08-31,6.9,0.8395238095238095,407400.0,0,0,0,55.1567,0.8247799581394988
1986-09-30,7.0,1.1014285714285714,395500.0,0,0,0,55.2975,0.7412926803496367
1986-10-31,7.0,1.1472727272727272,383250.0,0,0,0,55.5332,1.4862965758343893
1986-11-30,6.9,0.9738888888888888,363200.0,0,0,0,55.7557,1.5357187083427482
1986-12-31,6.6,0.8409090909090909,358250.0,0,0,0,56.2845,1.5210709724897686
1987-01-31,6.6,0.8584999999999999,345600.0,0,0,0,56.0882,0.6100656345238598
1987-02-28,6.6,0.8526315789473684,348750.0,0,0,0,56.8275,2.6567648418983847
1987-03-31,6.6,0.8240909090909091,333250.0,0,0,0,56.9098,3.54296110984762
1987-04-30,6.3,0.9985714285714286,336250.0,0,0,0,57.2701,4.0493229629387395
1987-05-31,6.3,0.8515,331000.0,0,0,0,57.6322,4.552760573702974
1987-06-30,6.2,0.8290909090909092,322250.0,0,0,0,57.9307,5.519439713663821
1987-07-31,6.1,1.0045454545454546,319250.0,0,0,0,58.3258,5.549483162984625
1987-08-31,6.0,1.0076190476190476,325600.0,0,0,0,58.7636,6.539368743960372
1987-09-30,5.9,1.0780952380952382,309750.0,0,0,0,58.9951,6.686739906867412
1987-10-31,6.0,1.1223809523809525,300000.0,0,0,0,59.781,7.649118005085254
1987-11-30,5.8,1.167894736842105,306750.0,0,0,0,60.0726,7.742526773047431
1987-12-31,5.7,1.13,318750.0,0,0,0,60.4095,7.328838312501662
1988-01-31,5.7,1.0357894736842106,335600.0,0,0,0,60.3976,7.683256014634088
1988-02-29,5.7,1.0315,318750.0,0,0,0,60.7003,6.815010338304517
1988-03-31,5.7,1.1030434782608696,305500.0,0,0,0,60.8501,6.92376356971911
1988-04-30,5.4,1.129,312200.0,0,0,0,61.2031,6.867457888147577
1988-05-31,5.6,1.0933333333333333,313750.0,0,0,0,61.0797,5.981899007846314
1988-06-30,5.4,0.8954545454545454,308250.0,0,0,0,61.2569,5.741687913317128
1988-07-31,5.4,0.777,321600.0,0,0,0,61.2659,5.040822414780433
1988-08-31,5.6,0.6317391304347827,314750.0,0,0,0,61.5731,4.781020904097089
1988-09-30,5.4,0.5138095238095238,304500.0,0,0,0,61.3807,4.043725665351872
1988-10-31,5.4,0.4415,291400.0,0,0,0,61.6453,3.118549371874013
1988-11-30,5.3,0.2965,290500.0,0,0,0,61.7944,2.8661985664013345
1988-12-31,5.3,0.0171428571428571,293200.0,0,0,0,62.0743,2.755857936251749
1989-01-31,5.4,-0.0839999999999999,289750.0,0,0,0,62.2574,3.0792614276063945
1989-02-28,5.2,-0.2026315789473684,303750.0,0,0,0,61.9819,2.111356945517584
1989-03-31,5.0,-0.3218181818181818,322000.0,0,0,0,62.1369,2.1147048238211674
1989-04-30,5.2,-0.2759999999999999,311800.0,0,0,0,62.1276,1.510544400528735
1989-05-31,5.2,-0.1586363636363636,324500.0,0,0,0,61.7744,1.1373664245240223
1989-06-30,5.3,-0.1290909090909091,333000.0,0,0,0,61.7697,0.8371301845179868
1989-07-31,5.2,0.199,341600.0,0,0,0,61.1738,-0.150328322933313
1989-08-31,5.2,-0.0321739130434782,334500.0,0,0,1,61.7732,0.32497957712054326
1989-09-30,5.3,-0.094,336000.0,0,0,1,61.5796,0.3240432253134973
1989-10-31,5.3,0.0285714285714285,363250.0,0,0,1,61.4966,-0.24121871415987428
1989-11-30,5.4,0.0785714285714285,336750.0,0,0,1,61.7044,-0.14564426549978915
1989-12-31,5.4,0.059,355200.0,0,0,1,62.0428,-0.05074563869427173
1990-01-31,5.4,0.1214285714285714,361000.0,0,0,1,61.729,-0.848734447631927
1990-02-28,5.3,0.1026315789473684,358250.0,0,0,1,62.2896,0.49643524964546604
1990-03-31,5.2,-0.0381818181818181,345200.0,0,0,1,62.5999,0.7451289008624462
1990-04-30,5.4,0.0615,361750.0,0,0,1,62.4359,0.4962367772133325
1990-05-31,5.4,0.1159090909090909,355250.0,0,0,1,62.6258,1.3782408246781896
1990-06-30,5.2,0.129047619047619,362400.0,0,0,1,62.8382,1.7298125132548803
1990-07-31,5.5,0.3142857142857143,367000.0,0,0,1,62.7284,2.5412840137444492
1990-08-31,5.7,0.691304347826087,384250.0,1,1,0,62.9475,1.9009861881851498
1990-09-30,5.9,0.8136842105263158,394000.0,1,0,0,62.9523,2.229147315019908
1990-10-31,5.9,0.8418181818181818,425250.0,1,0,0,62.5845,1.7690408900654653
1990-11-30,6.2,0.7935,446750.0,1,0,0,61.7887,0.1366191065791167
1990-12-31,6.3,0.761,455000.0,1,0,0,61.3352,-1.1405030076012013
1991-01-31,6.4,0.9676190476190476,439750.0,1,0,0,61.1355,-0.961460577686335
1991-02-28,6.6,0.9878947368421052,484000.0,1,0,0,60.6838,-2.577958439290029
1991-03-31,6.8,1.007,498600.0,1,0,0,60.3346,-3.61869587651098
1991-04-30,6.7,1.0909090909090908,467250.0,0,0,0,60.4938,-3.1105501802648705
1991-05-31,6.9,1.2840909090909092,447000.0,0,0,0,61.0633,-2.494978108064083
1991-06-30,6.9,1.328,428600.0,0,0,0,61.5581,-2.037136646180182
1991-07-31,6.8,1.355,418250.0,0,0,0,61.7305,-1.5908264836979713
1991-08-31,6.9,1.466818181818182,431600.0,0,0,0,61.7298,-1.934469200524247
1991-09-30,6.9,1.4685,424500.0,0,0,0,62.2195,-1.1640559598299127
1991-10-31,7.0,1.615,422750.0,0,0,0,62.1855,-0.6375380485583504
1991-11-30,7.0,1.858421052631579,445400.0,0,0,0,62.0871,0.4829362003084814
1991-12-31,7.3,2.0628571428571427,456750.0,0,0,0,61.7852,0.7336733229858172
1992-01-31,7.3,2.0742857142857143,439000.0,0,0,0,61.4616,0.5334053046102349
1992-02-29,7.4,2.1257894736842107,442200.0,0,0,0,61.8955,1.996743776757559
1992-03-31,7.4,1.8572727272727272,429500.0,0,0,0,62.4232,3.4616952793256273
1992-04-30,7.4,2.136190476190476,418250.0,0,0,0,62.897,3.972638518327498
1992-05-31,7.6,2.1665,417400.0,0,0,0,63.104,3.341941886534139
1992-06-30,7.8,2.213636363636364,418750.0,0,0,0,63.1363,2.563756841098086
1992-07-31,7.7,2.489090909090909,442750.0,0,0,0,63.7176,3.218992232364881
1992-08-31,7.6,2.392857142857143,407200.0,0,0,0,63.3613,2.6429698460063156
1992-09-30,7.6,2.520952380952381,417000.0,0,0,0,63.5703,2.1710235537090616
1992-10-31,7.3,2.5061904761904765,377800.0,0,0,0,63.9995,2.917078740220802
1992-11-30,7.4,2.293684210526316,362250.0,0,0,0,64.2422,3.4710914183461616
1992-12-31,7.4,2.096363636363636,339000.0,0,0,0,64.3507,4.152288897664813
1993-01-31,7.3,2.21,345600.0,0,0,0,64.5978,5.1026982701394274
1993-02-28,7.1,2.1605263157894736,338250.0,0,0,0,64.9089,4.8685284067500945
1993-03-31,7.0,2.0256521739130435,351000.0,0,0,0,64.8522,3.8911814838072933
1993-04-30,7.1,2.131904761904762,354750.0,0,0,0,65.0301,3.3914177146763924
1993-05-31,7.1,2.0585,343600.0,0,0,0,64.784,2.6622718052738525
1993-06-30,7.0,1.799090909090909,342750.0,0,0,0,64.9301,2.8411547715022856
1993-07-31,6.9,1.7333333333333332,350800.0,0,0,0,65.1052,2.1777342523886745
1993-08-31,6.8,1.6763636363636365,341000.0,0,0,0,65.0267,2.628418293185275
1993-09-30,6.7,1.512857142857143,339000.0,0,0,0,65.3717,2.833713227717971
1993-10-31,6.8,1.4594999999999998,349800.0,0,0,0,65.8509,2.892835100274227
1993-11-30,6.6,1.5685,341000.0,0,0,0,66.1518,2.972500941748568
1993-12-31,6.5,1.5618181818181818,323000.0,0,0,0,66.5436,3.407732938414032
1994-01-31,6.6,1.6105,359200.0,0,0,0,66.7351,3.3086266095749384
1994-02-28,6.6,1.4989473684210526,348500.0,0,0,0,66.774,2.8734118125557373
1994-03-31,6.5,1.4873913043478262,335750.0,0,0,0,67.4552,4.013742016462052
1994-04-30,6.4,1.4226315789473685,344000.0,0,0,0,67.8541,4.342604424720231
1994-05-31,6.1,1.2152380952380952,359000.0,0,0,0,68.1663,5.220887873549018
1994-06-30,6.1,1.17,340000.0,0,0,0,68.6265,5.692891278467149
1994-07-31,6.1,1.168,342200.0,0,0,0,68.7178,5.548865528406344
1994-08-31,6.0,1.058695652173913,336250.0,0,0,0,69.1785,6.384761951629092
1994-09-30,5.9,1.0647619047619048,330250.0,0,0,0,69.3961,6.156180732641192
1994-10-31,5.8,1.0154999999999998,333400.0,0,0,0,69.9544,6.231501771426062
1994-11-30,5.6,0.8065,328000.0,0,0,0,70.4326,6.4711768991924545
1994-12-31,5.5,0.2242857142857142,323200.0,0,0,0,71.1523,6.925835091579047
1995-01-31,5.6,0.2725,333500.0,0,0,0,71.2734,6.800469318244806
1995-02-28,5.4,0.3578947368421052,337750.0,0,0,0,71.193,6.617845269116707
1995-03-31,5.4,0.4291304347826086,340250.0,0,0,0,71.3113,5.7165348260771465
1995-04-30,5.8,0.4947368421052632,350200.0,0,0,0,71.1882,4.913630863868201
1995-05-31,5.6,0.4618181818181818,370250.0,0,0,0,71.5378,4.945992374531105
1995-06-30,5.6,0.4522727272727272,366250.0,0,0,0,71.7749,4.587732144288292
1995-07-31,5.7,0.4979999999999999,371400.0,0,0,0,71.4748,4.012060921624383
1995-08-31,5.7,0.5073913043478261,356250.0,0,0,0,72.4223,4.689029105863818
1995-09-30,5.6,0.3915,362000.0,0,0,0,72.7144,4.7816808149161005
1995-10-31,5.5,0.3476190476190476,371500.0,0,0,0,72.5866,3.7627368685886786
1995-11-30,5.6,0.4514285714285714,377000.0,0,0,0,72.7779,3.3298500978240275
1995-12-31,5.6,0.387,365000.0,0,0,0,73.0305,2.6396897921781903
1996-01-31,5.6,0.54,374000.0,0,0,0,72.6125,1.8788215519394358
1996-02-29,5.5,0.78,377250.0,0,0,0,73.6752,3.4865787366735512
1996-03-31,5.5,0.6076190476190476,386400.0,0,0,0,73.585,3.188414739319012
1996-04-30,5.6,0.5540909090909091,359250.0,0,0,0,74.3172,4.395391371041835
1996-05-31,5.6,0.6418181818181817,344500.0,0,0,0,74.8726,4.661591494286932
1996-06-30,5.3,0.615,342200.0,0,0,0,75.4433,5.110978907668273
1996-07-31,5.5,0.5954545454545455,337000.0,0,0,0,75.4549,5.568536043472649
1996-08-31,5.1,0.6063636363636363,331800.0,0,0,0,75.8411,4.720645436557502
1996-09-30,5.2,0.598,342750.0,0,0,0,76.3158,4.952801645891314
1996-10-31,5.2,0.620909090909091,339000.0,0,0,0,76.3384,5.168722601692299
1996-11-30,5.4,0.5021052631578947,336400.0,0,0,0,77.0397,5.855898562613082
1996-12-31,5.4,0.5204761904761904,353500.0,0,0,0,77.5333,6.165643121709419
1997-01-31,5.3,0.570952380952381,339000.0,0,0,0,77.6562,6.946049233947327
1997-02-28,5.2,0.5210526315789474,320750.0,0,0,0,78.5833,6.661807501031536
1997-03-31,5.2,0.4725,319400.0,0,0,0,79.082,7.470272474009643
1997-04-30,5.1,0.4372727272727272,327000.0,0,0,0,79.1747,6.536171976339267
1997-05-31,4.9,0.4342857142857143,323800.0,0,0,0,79.6133,6.331688761977006
1997-06-30,5.0,0.3990476190476191,325500.0,0,0,0,79.9792,6.012329789391524
1997-07-31,4.9,0.3295454545454545,320250.0,0,0,0,80.6624,6.901473595485519
1997-08-31,4.8,0.3595238095238095,330200.0,0,0,0,81.4694,7.421174007233544
1997-09-30,4.9,0.3266666666666666,315250.0,0,0,0,82.2156,7.7307713474798145
1997-10-31,4.7,0.2577272727272727,310000.0,0,0,0,82.9446,8.653836077256006
1997-11-30,4.6,0.1622222222222222,314600.0,0,0,0,83.5978,8.512624010737335
1997-12-31,4.7,0.0936363636363636,313250.0,0,0,0,83.9538,8.280957988374027
1998-01-31,4.6,0.1875,321200.0,0,0,0,84.3218,8.58347433946034
1998-02-28,4.6,0.1568421052631579,319000.0,0,0,0,84.4583,7.476143150007708
1998-03-31,4.7,0.0859090909090909,315000.0,0,0,0,84.488,6.835942439493192
1998-04-30,4.3,0.0733333333333333,311000.0,0,0,0,84.7779,7.077008185695677
1998-05-31,4.4,0.059,311200.0,0,0,0,85.3367,7.188999827918208
1998-06-30,4.5,-0.0236363636363636,338000.0,0,0,0,84.8248,6.058575229559682
1998-07-31,4.5,0.0031818181818181,333000.0,0,0,0,84.4986,4.755871384932742
1998-08-31,4.5,0.0733333333333333,312600.0,0,0,0,86.248,5.865515150473688
1998-09-30,4.6,0.1404761904761904,304000.0,0,0,0,86.2021,4.848836473856544
1998-10-31,4.5,0.438095238095238,310600.0,0,0,0,86.7914,4.637794383238925
1998-11-30,4.4,0.2873684210526315,316000.0,0,0,0,86.7256,3.741486019967022
1998-12-31,4.4,0.1386363636363636,316000.0,0,0,0,87.1185,3.7695732652959
1999-01-31,4.3,0.1068421052631579,326200.0,0,0,0,87.4949,3.763083805136991
1999-02-28,4.4,0.1226315789473684,301500.0,0,0,0,88.027,4.225398806274816
1999-03-31,4.2,0.1795652173913043,302750.0,0,0,0,88.2267,4.425125461604007
1999-04-30,4.3,0.2077272727272727,308500.0,0,0,0,88.4295,4.307254602909483
1999-05-31,4.2,0.285,301600.0,0,0,0,88.9886,4.27940147673862
1999-06-30,4.3,0.2809090909090909,294000.0,0,0,0,88.9188,4.826418688874012
1999-07-31,4.3,0.2371428571428571,298000.0,0,0,0,89.4333,5.839978413843561
1999-08-31,4.2,0.2609090909090909,290750.0,0,0,0,89.7924,4.109544569149426
1999-09-30,4.2,0.2533333333333333,289500.0,0,0,0,89.4299,3.7444563415508503
1999-10-31,4.1,0.2495,290400.0,0,0,0,90.523,4.29950432876991
1999-11-30,4.1,0.172,281750.0,0,0,0,90.9618,4.884601547870515
1999-12-31,4.0,0.1709090909090909,278500.0,0,0,0,91.6634,5.216917187508963
2000-01-31,4.0,0.221,288400.0,0,0,0,91.538,4.620955049951481
2000-02-29,4.1,-0.091,293750.0,0,0,0,91.8239,4.313335681097841
2000-03-31,4.0,-0.2717391304347826,274750.0,0,0,0,92.1504,4.447293166354416
2000-04-30,3.8,-0.4131578947368421,271600.0,0,0,1,92.6989,4.828026846244748
2000-05-31,4.0,-0.3690909090909091,282250.0,0,0,1,92.9499,4.451469064576807
2000-06-30,4.0,-0.3845454545454546,291000.0,0,0,1,92.9862,4.574285752844154
2000-07-31,4.0,-0.285,295000.0,0,0,1,92.8048,3.7698485910728996
2000-08-31,4.1,-0.4026086956521739,312750.0,0,0,1,92.5521,3.0734226950164922
2000-09-30,3.9,-0.2825,300200.0,0,0,1,92.9792,3.968806853188922
2000-10-31,3.9,-0.1738095238095238,301000.0,0,0,1,92.6179,2.3142184859096693
2000-11-30,3.9,-0.1580952380952381,334250.0,0,0,1,92.6438,1.8491278756576968
2000-12-31,3.9,-0.1115,346000.0,0,0,1,92.3415,0.7397718173229428
2001-01-31,4.2,0.4009523809523809,340000.0,0,0,1,91.902,0.3976490637767949
2001-02-28,4.2,0.4421052631578948,371250.0,0,0,1,91.3034,-0.5668458865284554
2001-03-31,4.3,0.5431818181818181,387200.0,0,0,1,91.1162,-1.122295725249156
2001-04-30,4.4,0.907,396750.0,1,1,0,90.7891,-2.0602186217959284
2001-05-31,4.3,1.1313636363636363,394500.0,1,0,0,90.3555,-2.791181055600911
2001-06-30,4.5,1.2042857142857142,397200.0,1,0,0,89.8784,-3.3422163718917375
2001-07-31,4.6,1.1976190476190476,398000.0,1,0,0,89.3028,-3.773511714911293
2001-08-31,4.9,1.2139130434782608,398000.0,1,0,0,89.2003,-3.6215277665228585
2001-09-30,5.0,1.6129411764705883,435000.0,1,0,0,88.7485,-4.55015745457048
2001-10-31,5.3,1.8409090909090908,480750.0,1,0,0,88.5052,-4.440502321905382
2001-11-30,5.5,1.869,447500.0,1,0,0,87.97,-5.044913960783126
2001-12-31,5.7,1.9805,416800.0,0,0,0,87.9324,-4.774776238202749
2002-01-31,5.7,2.0076190476190474,408500.0,0,0,0,88.5176,-3.682618441383212
2002-02-28,5.7,1.896315789473684,399000.0,0,0,0,88.5278,-3.0399744149724905
2002-03-31,5.7,1.7265,415400.0,0,0,0,89.1686,-2.1374903694403535
2002-04-30,5.9,1.7881818181818183,429250.0,0,0,0,89.604,-1.3053329089064758
2002-05-31,5.8,1.9004545454545456,409000.0,0,0,0,89.964,-0.43328851038398897
2002-06-30,5.8,1.9335,387200.0,0,0,0,90.7061,0.920910919642548
2002-07-31,5.8,2.096363636363636,386000.0,0,0,0,90.6769,1.5386975548359105
2002-08-31,5.7,2.1236363636363635,393600.0,0,0,0,90.5762,1.5424836015125454
2002-09-30,5.7,1.8655,409500.0,0,0,0,90.6531,2.146064440525741
2002-10-31,5.7,2.0290909090909093,407500.0,0,0,0,90.4643,2.2135422551443185
2002-11-30,5.9,2.125263157894737,392200.0,0,0,0,90.9711,3.4115039217915255
2002-12-31,6.0,2.1961904761904765,414250.0,0,0,0,90.4652,2.880394484854265
2003-01-31,5.8,2.305238095238095,395000.0,0,0,0,91.2361,3.071140654513904
2003-02-28,5.9,2.274736842105263,411000.0,0,0,0,91.3445,3.1817124112425654
2003-03-31,5.9,2.2333333333333334,427400.0,0,0,0,91.1044,2.1709435832793167
2003-04-30,6.0,2.336190476190476,436250.0,0,0,0,90.5617,1.0688138922369639
2003-05-31,6.1,2.153809523809524,424000.0,0,0,0,90.537,0.636921435240767
2003-06-30,6.3,2.107142857142857,421750.0,0,0,0,90.6527,-0.05887145406980876
2003-07-31,6.2,2.5013636363636365,411500.0,0,0,0,91.1185,0.48700385655000566
2003-08-31,6.1,2.580952380952381,400200.0,0,0,0,90.9197,0.37923869625795525
2003-09-30,6.1,2.568095238095238,395500.0,0,0,0,91.5059,0.9407289987876988
2003-10-31,6.0,2.5427272727272725,382000.0,0,0,0,91.6186,1.2759729528664998
2003-11-30,5.8,2.373333333333333,363000.0,0,0,0,92.2329,1.387033904173962
2003-12-31,5.7,2.3604545454545454,358250.0,0,0,0,92.2602,1.9841883950955763
2004-01-31,5.7,2.3895,360200.0,0,0,0,92.4006,1.2763588097255418
2004-02-29,5.6,2.344210526315789,360750.0,0,0,0,92.958,1.7663898756903773
2004-03-31,5.8,2.248695652173913,342000.0,0,0,0,92.5861,1.626375894029275
2004-04-30,5.6,2.276666666666667,348250.0,0,0,0,92.93,2.615123170170186
2004-05-31,5.6,2.182,336200.0,0,0,0,93.6013,3.38458309862264
2004-06-30,5.6,1.9704761904761905,349000.0,0,0,0,92.871,2.447031362551799
2004-07-31,5.5,1.8595238095238087,343000.0,0,0,0,93.5649,2.6848554355043186
2004-08-31,5.4,1.7731818181818182,340750.0,0,0,0,93.6277,2.9784524146032165
2004-09-30,5.4,1.6004761904761904,337250.0,0,0,0,93.7467,2.448803847620762
2004-10-31,5.5,1.5125,334000.0,0,0,0,94.5465,3.1957484615569243
2004-11-30,5.4,1.342,328750.0,0,0,0,94.7813,2.763005391785356
2004-12-31,5.4,1.219090909090909,325250.0,0,0,0,95.5365,3.551152067738861
2005-01-31,5.3,0.999,343400.0,0,0,0,95.8801,3.7656681883018184
2005-02-28,5.4,0.7805263157894737,311750.0,0,0,0,96.5761,3.8921878697906642
2005-03-31,5.2,0.770909090909091,332000.0,0,0,0,96.4456,4.168552298887196
2005-04-30,5.2,0.6871428571428572,323200.0,0,0,0,96.6532,4.006456472613795
2005-05-31,5.1,0.5004761904761905,327000.0,0,0,0,96.7402,3.3534790649275337
2005-06-30,5.0,0.3577272727272727,325750.0,0,0,0,97.1753,4.6347083589064475
2005-07-31,5.0,0.3065,324400.0,0,0,0,96.8676,3.5298493345260917
2005-08-31,4.9,0.2182608695652174,315750.0,0,0,0,97.1833,3.797594088074363
2005-09-30,5.0,0.2528571428571429,382750.0,0,0,0,95.3005,1.6574450087309733
2005-10-31,5.0,0.1925,352200.0,0,0,0,96.4572,2.0209103457029087
2005-11-30,5.0,0.1185,317250.0,0,0,0,97.5414,2.9120723180627417
2005-12-31,4.9,0.0628571428571428,316400.0,0,0,0,98.0452,2.6259073757150198
2006-01-31,4.7,0.0204999999999999,295750.0,0,0,0,98.1999,2.4194801632455576
2006-02-28,4.8,-0.0994736842105263,290750.0,0,0,0,98.2413,1.7242361205308532
2006-03-31,4.7,-0.0099999999999999,301750.0,0,0,0,98.4628,2.091541760329152
2006-04-30,4.7,0.101578947368421,303600.0,0,0,0,98.7618,2.1816142662632876
2006-05-31,4.6,0.1418181818181818,332750.0,0,0,0,98.7869,2.1156664964513183
2006-06-30,4.6,-0.0154545454545454,305500.0,0,0,0,99.0997,1.9803386251444621
2006-07-31,4.7,-0.031,318800.0,0,0,0,99.0489,2.251836527383766
2006-08-31,4.7,-0.0269565217391304,314250.0,0,0,0,99.4836,2.3669704568583194
2006-09-30,4.5,-0.05,316200.0,0,0,0,99.3183,4.2159275134967755
2006-10-31,4.4,-0.0666666666666666,315500.0,0,0,0,99.2044,2.8481025781383007
2006-11-30,4.5,-0.1452380952380952,326250.0,0,0,0,99.1627,1.6621660136106442
2006-12-31,4.4,-0.109,324000.0,0,0,0,100.1735,2.1707334984272686
2007-01-31,4.6,-0.1166666666666666,317250.0,0,0,1,99.8346,1.6646656462990128
2007-02-28,4.5,-0.1263157894736842,322750.0,0,0,1,100.7753,2.5793632616832207
2007-03-31,4.4,-0.009090909090909,309400.0,0,0,1,100.9547,2.5308035115800154
2007-04-30,4.5,0.0276190476190476,320250.0,0,0,1,101.6334,2.9076019270608766
2007-05-31,4.4,-0.02,304250.0,0,0,1,101.7306,2.9798485426711263
2007-06-30,4.6,0.1223809523809523,315200.0,0,0,1,101.7893,2.7140344521729087
2007-07-31,4.7,0.1852380952380952,313250.0,0,0,1,101.6672,2.6434417747193573
2007-08-31,4.6,0.3617391304347826,320000.0,0,0,1,101.863,2.3917510021752353
2007-09-30,4.7,0.51,313400.0,0,0,1,102.0894,2.7901202497425004
2007-10-31,4.7,0.56,328250.0,0,0,1,101.8015,2.6179282370540014
2007-11-30,4.7,0.8119999999999999,336000.0,0,0,1,102.3446,3.2087670061424323
2007-12-31,5.0,0.9805,348200.0,0,0,1,102.3803,2.2029778334589523
2008-01-31,5.0,1.268571428571429,338750.0,1,1,0,102.2448,2.4141930753466267
2008-02-29,4.9,1.7645,346750.0,1,0,0,101.8438,1.0602796518591306
2008-03-31,5.1,1.893,363400.0,1,0,0,101.5336,0.5734255066876637
2008-04-30,5.0,1.627727272727273,359500.0,1,0,0,100.8785,-0.7427676334748168
2008-05-31,5.4,1.4342857142857142,366800.0,1,0,0,100.2674,-1.4383086308347726
2008-06-30,5.6,1.3257142857142856,383250.0,1,0,0,100.0335,-1.724935725071297
2008-07-31,5.8,1.4345454545454546,398000.0,1,0,0,99.676,-1.9585471027037116
2008-08-31,6.1,1.4652380952380952,433000.0,1,0,0,98.1111,-3.6832804845724265
2008-09-30,6.1,1.61,464000.0,1,0,0,93.7895,-8.130031129578574
2008-10-31,6.5,2.2018181818181817,475250.0,1,0,0,94.7219,-6.954317961916079
2008-11-30,6.8,2.3138888888888887,519800.0,1,0,0,93.4715,-8.669827230747885
2008-12-31,7.3,1.5954545454545457,564000.0,1,0,0,90.8357,-11.276192783181926
2009-01-31,7.8,1.7105,572000.0,1,0,0,88.57,-13.374567704176643
2009-02-28,8.3,1.894736842105263,644000.0,1,0,0,88.031,-13.562730377303279
2009-03-31,8.7,1.8881818181818184,659250.0,1,0,0,86.6528,-14.656035046526473
2009-04-30,9.0,2.0,627750.0,1,0,0,85.9344,-14.81395936696125
2009-05-31,9.4,2.3635,612000.0,1,0,0,85.0665,-15.160361194166793
2009-06-30,9.5,2.5377272727272726,598250.0,1,0,0,84.7459,-15.282480369076357
2009-07-31,9.5,2.5431818181818184,566500.0,0,0,0,85.7027,-14.018720654921957
2009-08-31,9.6,2.4719047619047623,559200.0,0,0,0,86.6426,-11.689299172061052
2009-09-30,9.8,2.4457142857142857,547500.0,0,0,0,87.4063,-6.805879122929537
2009-10-31,10.0,2.4385714285714286,525400.0,0,0,0,87.6419,-7.474512230012276
2009-11-30,9.9,2.599473684210526,494000.0,0,0,0,88.0221,-5.83001235670767
2009-12-31,9.9,2.7154545454545453,485500.0,0,0,0,88.3793,-2.704223119324234
2010-01-31,9.8,2.804210526315789,479800.0,0,0,0,89.3426,0.87230439200634
2010-02-28,9.8,2.8342105263157897,485750.0,0,0,0,89.6779,1.8708182344855606
2010-03-31,9.9,2.768695652173913,470250.0,0,0,0,90.2928,4.200672107537207
2010-04-30,9.9,2.786363636363636,469000.0,0,0,0,90.5991,5.4282103558062955
2010-05-31,9.6,2.5895,459400.0,0,0,0,91.823,7.942609605426321
2010-06-30,9.4,2.4795454545454545,460500.0,0,0,0,91.9928,8.551328146848402
2010-07-31,9.4,2.394761904761905,459200.0,0,0,0,92.3421,7.747013804699288
2010-08-31,9.5,2.178181818181818,475000.0,0,0,0,92.6805,6.968742858593813
2010-09-30,9.5,2.167619047619048,453500.0,0,0,0,92.9537,6.346682104150392
2010-10-31,9.4,2.164,446800.0,0,0,0,92.6903,5.760258506490601
2010-11-30,9.8,2.309,426250.0,0,0,0,92.7709,5.39500875348351
2010-12-31,9.3,2.6727272727272724,420250.0,0,0,0,93.6787,5.996200467756596
2011-01-31,9.1,2.7795,426800.0,0,0,0,93.4814,4.632504538708293
2011-02-28,9.0,2.803684210526316,401500.0,0,0,0,93.1102,3.827364378514675
2011-03-31,9.0,2.7169565217391307,406000.0,0,0,0,94.0788,4.193025357503588
2011-04-30,9.1,2.7205000000000004,420600.0,0,0,0,93.7749,3.505332834432129
2011-05-31,9.0,2.6133333333333333,422500.0,0,0,0,93.888,2.248891889831528
2011-06-30,9.1,2.591818181818182,418250.0,0,0,0,94.172,2.3688810428642126
2011-07-31,9.0,2.5965,412600.0,0,0,0,94.636,2.484132372991299
2011-08-31,9.0,2.072608695652174,409500.0,0,0,0,95.2749,2.7992943499441703
2011-09-30,9.0,1.7638095238095235,417750.0,0,0,0,95.1961,2.4123837996766095
2011-10-31,8.8,1.8715,402400.0,0,0,0,95.8568,3.4162150732061747
2011-11-30,8.6,1.7600000000000002,389250.0,0,0,0,95.8485,3.3174195787687877
2011-12-31,8.5,1.720952380952381,377000.0,0,0,0,96.3571,2.859134467066693
2012-01-31,8.3,1.7260000000000002,377750.0,0,0,0,96.9318,3.6910016324102957
2012-02-29,8.3,1.6895,363250.0,0,0,0,97.2435,4.439148449901298
2012-03-31,8.2,1.828181818181818,366600.0,0,0,0,96.74,2.8286925428470555
2012-04-30,8.2,1.7609523809523808,381750.0,0,0,0,97.4359,3.9040297563633697
2012-05-31,8.2,1.518181818181818,373500.0,0,0,0,97.6609,4.0185114178595605
2012-06-30,8.2,1.3304761904761906,379200.0,0,0,0,97.6663,3.7105509068513065
2012-07-31,8.2,1.2785714285714287,372500.0,0,0,0,97.8713,3.418677881567289
2012-08-31,8.1,1.4095652173913045,373250.0,0,0,0,97.4525,2.285596731143258
2012-09-30,7.8,1.4678947368421054,381800.0,0,0,0,97.381,2.2951570495009843
2012-10-31,7.8,1.469047619047619,368500.0,0,0,0,97.7193,1.9430024786973865
2012-11-30,7.7,1.386,401250.0,0,0,0,98.0777,2.3257536633332743
2012-12-31,7.9,1.462,359000.0,0,0,0,98.3101,2.0268355938483085
2013-01-31,8.0,1.6495238095238096,353000.0,0,0,0,98.3342,1.4467904237824847
2013-02-28,7.7,1.7168421052631575,353000.0,0,0,0,98.7941,1.5945538776370727
2013-03-31,7.5,1.7015,351800.0,0,0,0,99.1921,2.534732272069462
2013-04-30,7.6,1.526818181818182,347250.0,0,0,0,99.1065,1.7145631127746475
2013-05-31,7.5,1.6777272727272723,347750.0,0,0,0,99.1839,1.5594777439077445
2013-06-30,7.5,1.9665,344600.0,0,0,0,99.3897,1.7645800035426706
2013-07-31,7.3,2.2413636363636367,346000.0,0,0,0,99.0814,1.2364196654177428
2013-08-31,7.2,2.380909090909091,333400.0,0,0,0,99.6543,2.2593571227008002
2013-09-30,7.2,2.4055,314000.0,0,0,0,100.161,2.854766330187619
2013-10-31,7.2,2.2804545454545457,358500.0,0,0,0,100.082,2.4178437626957816
2013-11-30,6.9,2.414736842105264,328200.0,0,0,0,100.3158,2.281966236973343
2013-12-31,6.7,2.5619047619047617,346000.0,0,0,0,100.5175,2.245344069429267
2014-01-31,6.6,2.4642857142857144,326750.0,0,0,0,100.1599,1.8566277042981971
2014-02-28,6.7,2.382631578947368,335250.0,0,0,0,100.9168,2.148610089064018
2014-03-31,6.7,2.3242857142857143,321000.0,0,0,0,101.8942,2.724108069090181
2014-04-30,6.2,2.288095238095238,322750.0,0,0,0,101.9928,2.9123215934373725
2014-05-31,6.3,2.17,313800.0,0,0,0,102.3836,3.226027611336124
2014-06-30,6.1,2.146190476190476,313500.0,0,0,0,102.735,3.365841732090935
2014-07-31,6.2,2.0359090909090907,301750.0,0,0,0,102.9632,3.9177888079901857
2014-08-31,6.1,1.947619047619048,302000.0,0,0,0,102.7688,3.1253041765382905
2014-09-30,5.9,1.967619047619048,295000.0,0,0,0,103.0641,2.89843352202952
2014-10-31,5.7,1.858636363636364,288750.0,0,0,0,103.0764,2.9919466037849007
2014-11-30,5.8,1.7983333333333331,291600.0,0,0,0,103.7126,3.3861066751199598
2014-12-31,5.6,1.5718181818181818,284500.0,0,0,0,103.7044,3.170492700276073
2015-01-31,5.7,1.33,287600.0,0,0,0,102.8905,2.7262407410550527
2015-02-28,5.5,1.356315789473684,301250.0,0,0,0,102.2335,1.30473816054415
2015-03-31,5.4,1.4022727272727271,284000.0,0,0,0,101.8914,-0.0027479483621140055
2015-04-30,5.4,1.395,286000.0,0,0,0,101.3355,-0.6444572558062966
2015-05-31,5.6,1.5885,274000.0,0,0,0,100.8883,-1.460487812501221
2015-06-30,5.3,1.675,273750.0,0,0,0,100.571,-2.106390227283794
2015-07-31,5.2,1.656818181818182,277750.0,0,0,0,101.2228,-1.6903126553953207
2015-08-31,5.1,1.4695238095238097,275200.0,0,0,0,101.0367,-1.6854337113987983
2015-09-30,5.0,1.4595238095238094,269500.0,0,0,0,100.7547,-2.2407414414912674
2015-10-31,5.0,1.4252380952380952,267000.0,0,0,0,100.2675,-2.72506606749946
2015-11-30,5.1,1.378421052631579,268500.0,0,0,0,99.5298,-4.033068306068888
2015-12-31,5.0,1.26,271000.0,0,0,0,99.0417,-4.496144811599123
2016-01-31,4.8,1.1857894736842105,279600.0,0,0,0,99.5607,-3.236256019749162
2016-02-29,4.9,1.046,266750.0,0,0,0,99.0445,-3.1193297695960798
2016-03-31,5.0,1.014090909090909,263250.0,0,0,0,98.3096,-3.515311400177057
2016-04-30,5.1,1.0371428571428571,266000.0,0,0,0,98.6421,-2.6579036961380753
2016-05-31,4.8,0.99,274500.0,0,0,0,98.4184,-2.448153056399993
2016-06-30,4.9,0.9127272727272728,265250.0,0,0,0,98.8833,-1.678117946525337
2016-07-31,4.8,0.8314999999999999,259400.0,0,0,0,98.9992,-2.196738284260069
2016-08-31,4.9,0.8191304347826087,263500.0,0,0,0,98.85,-2.164263084601936
2016-09-30,5.0,0.8595238095238096,251500.0,0,0,0,98.7457,-1.9939516469206886
2016-10-31,4.9,0.9215,255800.0,0,0,0,98.7611,-1.5023811304759715
2016-11-30,4.7,1.1625,245750.0,0,0,0,98.3491,-1.1862778785850958
2016-12-31,4.7,1.2952380952380953,252200.0,0,0,0,99.0214,-0.02049641716570516
2017-01-31,4.7,1.226,244000.0,0,0,0,98.7611,-0.8031281419274894
2017-02-28,4.6,1.2178947368421054,230250.0,0,0,0,98.3646,-0.6864591168616152
2017-03-31,4.4,1.168695652173913,233750.0,0,0,0,99.0137,0.7162067590550603
2017-04-30,4.4,1.0563157894736843,227800.0,0,0,0,100.0224,1.3993011097695573
2017-05-31,4.4,1.0018181818181815,239000.0,0,0,0,100.1408,1.7500792534729248
2017-06-30,4.3,0.8445454545454546,248000.0,0,0,0,100.3471,1.4803308546539107
2017-07-31,4.3,0.9455,250800.0,0,0,0,100.1068,1.1187969195710634
2017-08-31,4.4,0.8739130434782609,247750.0,0,0,0,99.6925,0.8523014668689877
2017-09-30,4.3,0.8175000000000001,272400.0,0,0,0,99.7954,1.0630336308315114
2017-10-31,4.2,0.8104761904761905,242250.0,0,0,0,101.0247,2.2919955326540453
2017-11-30,4.2,0.6566666666666666,247750.0,0,0,0,101.2664,2.9662701539719283
2017-12-31,4.1,0.5585,242600.0,0,0,0,101.4644,2.467143465957866
2018-01-31,4.0,0.5519047619047619,235250.0,0,0,0,101.4625,2.7352874765469437
2018-02-28,4.1,0.6836842105263158,221000.0,0,0,0,101.7085,3.3994953469032696
2018-03-31,4.0,0.5666666666666667,225800.0,0,0,0,102.2067,3.224806264183644
2018-04-30,4.0,0.4847619047619047,221500.0,0,0,0,103.3329,3.309758614070435
2018-05-31,3.8,0.4659090909090909,221250.0,0,0,0,102.4024,2.2584201444366236
2018-06-30,4.0,0.379047619047619,222600.0,0,0,0,103.198,2.8410387544831828
2018-07-31,3.8,0.2823809523809523,209500.0,0,0,0,103.3646,3.2543243815604805
2018-08-31,3.8,0.2534782608695652,208500.0,0,0,0,104.0327,4.353587280888749
2018-09-30,3.7,0.2363157894736842,205200.0,0,0,0,104.1004,4.313826088176409
2018-10-31,3.8,0.2913636363636364,213000.0,0,0,0,103.9856,2.930867401734427
2018-11-30,3.8,0.258,225250.0,0,0,0,104.0681,2.7666629800210174
2018-12-31,3.9,0.1563157894736842,224600.0,0,0,0,104.0936,2.5912536810940523
2019-01-31,4.0,0.1704761904761904,222750.0,0,0,0,103.4021,1.9116422323518512
2019-02-28,3.8,0.1721052631578947,222500.0,0,0,0,102.8371,1.1096417703535089
2019-03-31,3.8,0.1614285714285714,211800.0,0,0,1,102.8757,0.6545559146318158
2019-04-30,3.7,0.1876190476190476,209750.0,0,0,1,102.274,-1.0247462328067725
2019-05-31,3.6,0.1886363636363636,218500.0,0,0,1,102.392,-0.010156011968476264
2019-06-30,3.6,0.26,225200.0,0,0,1,102.4375,-0.7369328862962377
2019-07-31,3.7,0.2240909090909091,208500.0,0,0,1,101.9408,-1.3774541767684445
2019-08-31,3.6,0.055,211000.0,0,0,1,102.639,-1.3396749291328724
2019-09-30,3.5,0.0515,209500.0,0,0,1,102.2917,-1.7374573008364869
2019-10-31,3.6,0.1554545454545454,212250.0,0,0,1,101.4281,-2.4594751580988228
2019-11-30,3.6,0.1994736842105263,224400.0,0,0,1,101.9372,-2.047601522464615
2019-12-31,3.6,0.2495238095238095,236000.0,0,0,1,101.7003,-2.2991807373363926
2020-01-31,3.6,0.2385714285714285,215500.0,0,0,1,101.0338,-2.290379015513233
2020-02-29,3.5,0.1731578947368421,210200.0,0,0,1,101.3735,-1.4232217750208775
2020-03-31,4.4,0.4218181818181818,2335250.0,1,1,0,97.4078,-5.315054964389065
2020-04-30,14.8,0.4328571428571428,4663250.0,1,0,0,84.5619,-17.318282261376304
2020-05-31,13.2,0.5035000000000001,2173400.0,0,0,0,85.9604,-16.047738104539413
2020-06-30,11.0,0.5436363636363637,1490250.0,0,0,0,91.5934,-10.586064673581452
2020-07-31,10.2,0.4754545454545455,1383500.0,0,0,0,95.0256,-6.783544959427434
2020-08-31,8.4,0.5104761904761905,922400.0,0,0,0,95.9549,-6.512241935326724
2020-09-30,7.8,0.5447619047619048,851750.0,0,0,0,95.9669,-6.183101854793705
2020-10-31,6.9,0.6376190476190476,795400.0,0,0,0,96.7394,-4.622683457542831
2020-11-30,6.7,0.7042105263157895,751250.0,0,0,0,97.0816,-4.763324870606622
2020-12-31,6.7,0.7977272727272727,836750.0,0,0,0,98.363,-3.28150457766595
2021-01-31,6.4,0.95,827800.0,0,0,0,98.8822,-2.1295843569181794
2021-02-28,6.2,1.1426315789473684,755000.0,0,0,0,95.6149,-5.680577271180343
2021-03-31,6.1,1.463913043478261,669250.0,0,0,0,98.3856,1.0038210492383515
2021-04-30,6.1,1.471818181818182,589000.0,0,0,0,98.5587,16.55213518144698
2021-05-31,5.8,1.466,469200.0,0,0,0,99.4333,15.673379835366053
2021-06-30,5.9,1.3163636363636364,409500.0,0,0,0,99.7987,8.958396565691418
2021-07-31,5.4,1.099047619047619,370000.0,0,0,0,100.2519,5.4998863464161385
2021-08-31,5.1,1.0659090909090911,359750.0,0,0,0,100.0437,4.261168528131454
2021-09-30,4.7,1.1338095238095238,354750.0,0,0,0,98.8579,3.0124970172007215
2021-10-31,4.5,1.19,284400.0,0,0,0,100.1861,3.5628709708763973
2021-11-30,4.1,1.0515,236500.0,0,0,0,100.8654,3.897545981936834
2021-12-31,3.9,0.785,216250.0,0,0,0,100.5726,2.2463731281071153
2022-01-31,4.0,0.7835,239200.0,0,0,0,100.1856,1.3181341030033655
2022-02-28,3.9,0.4989473684210526,219000.0,0,0,0,100.8064,5.429593086433182
2022-03-31,3.7,0.2182608695652173,215000.0,0,0,0,101.3907,3.0544104015221674
2022-04-30,3.7,0.2095,213000.0,0,0,0,101.44,2.923435475508507
2022-05-31,3.6,0.2814285714285714,209750.0,0,0,0,101.3335,1.9110298059100916
2022-06-30,3.6,0.1452380952380952,212500.0,0,0,0,101.018,1.2217594016755706
2022-07-31,3.5,-0.1399999999999999,218200.0,0,0,0,101.223,0.968659945597028
2022-08-31,3.6,-0.3521739130434782,216500.0,0,0,0,101.0963,1.0521402147261716
2022-09-30,3.5,-0.3376190476190476,197500.0,0,0,0,101.2918,2.462018715752601
2022-10-31,3.6,-0.3915,202600.0,0,0,0,101.2529,1.0648183730078253
2022-11-30,3.6,-0.6125,210750.0,0,0,0,100.9552,0.08902953837490735
2022-12-31,3.5,-0.6723809523809524,208200.0,0,0,0,99.7664,-0.8016099812473643
2023-01-31,3.5,-0.6759999999999999,204500.0,0,0,0,100.505,0.3188082918103907
2023-02-28,3.6,-0.7868421052631579,214750.0,0,0,0,100.6416,-0.1634816837026265
2023-03-31,3.5,-0.6395652173913043,229000.0,0,0,0,101.0205,-0.36512224493961964
2023-04-30,3.4,-0.5559999999999999,216400.0,0,0,0,101.253,-0.1843454258675048
2023-05-31,3.6,-0.5581818181818181,226000.0,0,0,0,100.9286,-0.39957171123073953
2023-06-30,3.6,-0.8914285714285713,250750.0,0,0,0,100.1196,-0.8893464531073647
2023-07-31,3.5,-0.929,235200.0,0,0,0,100.9067,-0.31247838929887584
2023-08-31,3.7,-0.7339130434782608,245000.0,0,0,0,100.8393,-0.25421306219911566
2023-09-30,3.7,-0.643,218600.0,0,0,0,101.0211,-0.2672476942852109
2023-10-31,3.9,-0.2695238095238095,210250.0,0,0,0,100.4689,-0.7742988102069082
2023-11-30,3.7,-0.3795238095238095,218000.0,0,0,0,100.8639,-0.09043615385835313
2023-12-31,3.8,-0.437,207800.0,0,0,0,100.6031,0.8386591076755323
2024-01-31,3.7,-0.2647619047619048,211500.0,0,0,0,99.2223,-1.2762549126908995
2024-02-29,3.9,-0.3365,210000.0,0,0,0,100.285,-0.3543266402759926
2024-03-31,3.9,-0.3795,215200.0,0,0,0,100.4575,-0.557312624665296
2024-04-30,3.9,-0.334090909090909,210250.0,0,0,0,100.2434,-0.9971062585799939
2024-05-31,3.9,-0.3740909090909091,222000.0,0,0,0,100.863,-0.06499644303002983
2024-06-30,4.1,-0.431578947368421,234800.0,0,0,0,100.894,0.7734749239909133
2024-07-31,4.2,-0.2472727272727272,237250.0,0,0,0,99.9757,-0.9226344732312097
2024-08-31,4.2,-0.0945454545454545,230600.0,0,0,0,100.4309,-0.4050008280501727
2024-09-30,4.1,0.101,224500.0,0,0,0,99.8084,-1.2004422838397089
2024-10-31,4.1,0.1231818181818181,236250.0,0,0,0,99.4695,-0.9947356843759692
2024-11-30,4.2,0.0984210526315789,219200.0,0,0,0,99.2925,-1.5579409481489392
2024-12-31,4.1,0.1657142857142857,222750.0,0,0,0,100.3273,-0.2741466217243804
2025-01-31,4.0,0.3571428571428571,215000.0,0,0,0,100.0647,0.849002693950851
2025-02-28,4.2,0.2410526315789473,225000.0,0,0,0,101.0993,0.8119858403550007
2025-03-31,4.2,0.3104761904761904,223000.0,0,0,0,101.0404,0.5802453773984029
2025-04-30,4.2,0.5014285714285714,225750.0,0,0,0,101.1279,0.8823523543694645
2025-05-31,4.3,0.5038095238095238,231800.0,0,0,0,100.9655,0.10162299356553106
2025-06-30,4.1,0.4945,239000.0,0,0,0,101.4785,0.5793208714095943
